person_id,string,abr
3629,漢高祖,
3631,漢太宗,
3839,漢世宗,
3634,漢中宗,
3708,漢高宗,
3723,漢統宗,
3725,漢元宗,
3643,漢世祖,
3854,漢顯宗,
3644,漢肅宗,
3645,漢穆宗,
3646,漢恭宗,
3647,漢敬宗,
3654,漢威宗,
4113,魏高祖,
263,魏烈祖,
3641,晉世祖,
3874,晉肅祖,
3635,燕太祖,
3998,燕烈宗,
7866,秦高祖,
4326,秦世祖,
3680,秦太宗,
3703,燕世祖,
3672,燕烈宗,
3673,燕中宗,
4362,秦太祖,
3901,秦高祖,
7342,涼太祖,
291,燕太祖,
3856,宋高祖,
3853,宋太祖,
3860,宋世祖,
3838,宋太宗,
7605,齊太祖,
4361,齊世祖,
3695,齊高宗,
3861,梁高祖,
4358,梁世祖,
4486,陳高祖,
4485,陳世祖,
4487,陳高宗,
311,魏太祖,
312,魏太宗,
4051,魏世祖,
315,魏高宗,
316,魏顯祖,
3819,魏高祖,
3821,魏世宗,
3825,魏肅宗,
4519,齊顯祖,
3914,周世宗,
3918,周高祖,
4171,隋高祖,
4134,唐高祖,
4115,唐太宗,
4132,唐高宗,
3700,唐中宗,
4128,唐睿宗,
4151,唐玄宗,
4117,唐肅宗,
4144,唐代宗,
4147,唐德宗,
4143,唐順宗,
4140,唐憲宗,
4126,唐穆宗,
4135,唐敬宗,
4129,唐文宗,
3638,唐武宗,
4125,唐懿宗,
4136,唐懿宗,
3721,唐僖宗,
4130,唐昭宗,
4131,唐景宗,
15283,蜀高祖,
15256,吳太祖,
15257,吳烈宗,
15258,吳高祖,
15263,吳越太祖,
15264,吳越世宗,
15265,吳越成宗,
15243,梁太祖,
15273,漢高祖,
15274,漢殤帝,
15275,漢中宗,
15245,唐莊宗,
15246,唐明宗,
15249,晉高祖,
15287,荊高祖,
15285,蜀高祖,
15267,閩太祖,
15268,閩惠宗,
15269,閩太宗,
15270,閩康宗,
15271,閩景宗,
15260,唐烈祖,
15261,唐元宗,
15296,遼太祖,
15297,遼太宗,
15298,遼世宗,
15299,遼穆宗,
15300,遼景宗,
15301,遼聖宗,
15302,遼興宗,
15303,遼道宗,
15251,漢高祖,
15253,周太祖,
15254,周世宗,
15292,漢世祖,
15293,漢睿宗,
15305,宋太祖,
15306,宋太宗,
15308,宋仁宗,
15309,宋英宗,
15310,宋神宗,
15311,宋哲宗,
15312,宋徽宗,
15314,宋高宗,
15315,宋孝宗,
15316,宋光宗,
15317,宋寧宗,
15318,宋理宗,
15319,宋度宗,
15323,夏景宗,
15324,夏毅宗,
15325,夏惠宗,
15326,夏崇宗,
15327,夏仁宗,
15328,夏桓宗,
15330,夏神宗,
15333,金太祖,
15334,金太宗,
15335,金熙宗,
15337,金世宗,
15338,金章宗,
15340,金宣宗,
15341,金哀宗,
15343,元世祖,
15345,元武宗,
15346,元仁宗,
15347,元英宗,
15348,元泰定,
15350,元文宗,
15351,元明宗,
15352,元寧宗,
15354,明太祖,
15355,明惠帝,
15356,明成祖,
15357,明仁宗,
15358,明宣宗,
15360,明代宗,
15359,明英宗,
15361,明憲宗,
15362,明孝宗,
15363,明武宗,
15364,明世宗,
15365,明穆宗,
15366,明神宗,
15367,明光宗,
15368,明熹宗,
15369,明思宗,
15370,清太祖,
15371,清太宗,
15372,清世祖,
15373,清聖祖,
15374,清世宗,
15375,清高宗,
15376,清仁宗,
15377,清宣宗,
15378,清文宗,
15379,清穆宗,
15380,清德宗,
16516,新羅太宗,
16567,高麗太祖,
16568,高麗惠宗,
16569,高麗定宗,
16570,高麗光宗,
16571,高麗景宗,
16573,高麗成宗,
16574,高麗穆宗,
16576,高麗顯宗,
16577,高麗德宗,
16578,高麗靖宗,
16579,高麗文宗,
16580,高麗順宗,
16581,高麗宣宗,
16582,高麗獻宗,
16583,高麗肅宗,
16584,高麗睿宗,
16585,高麗仁宗,
16586,高麗元宗,
16587,高麗明宗,
16588,高麗神宗,
16589,高麗熙宗,
16590,高麗康宗,
16591,高麗高宗,
16593,高麗元宗,
16608,朝鮮太祖,
16609,朝鮮定宗,
16610,朝鮮太宗,
16611,朝鮮世宗,
16612,朝鮮文宗,
16613,朝鮮端宗,
16614,朝鮮世祖,
16615,朝鮮睿宗,
16619,朝鮮中宗,
16620,朝鮮仁宗,
16621,朝鮮明宗,
16622,朝鮮宣宗,
16625,朝鮮仁祖,
16626,朝鮮孝宗,
16627,朝鮮顯宗,
16628,朝鮮肅宗,
16629,朝鮮景宗,
16630,朝鮮英宗,
16633,朝鮮正宗,
16634,朝鮮純祖,
16636,朝鮮憲宗,
16637,朝鮮哲宗,
16638,朝鮮高宗,
16639,朝鮮純宗,
15307,宋真宗,
16647,遼德宗,
16649,遼仁宗,
15344,元成宗,
16645,元昭宗,
16642,明安宗,
16643,明紹宗,
16644,明昭宗,
16616,朝鮮德宗,
9609,齊彭城景思王,
5350,周文王,
5570,周武王,
9636,周成王,
9637,周康王,
9638,周昭王,
5122,周穆王,
9639,周共王,
9640,周懿王,
9641,周孝王,
9642,周夷王,
9643,周厲王,
9645,周宣王,
9646,周幽王,
9647,周平王,
9648,周桓王,
9649,周莊王,
9650,周釐王,
9651,周惠王,
9652,周襄王,
9653,周頃王,
9654,周匡王,
9655,周定王,
9656,周簡王,
9657,周靈王,
9658,周景王,
9659,周悼王,
9660,周敬王,
9661,周元王,
9662,周貞定王,
9663,周哀王,
9664,周思王,
9665,周考王,
9666,周威烈王,
9667,周安王,
9668,周烈王,
9669,周顯王,
9670,周慎靚王,
9671,周赧王,
9672,周文公,
9674,周魯考公,
9675,周魯煬公,
9676,周魯幽公,
9677,周魯魏公,
9678,周魯厲公,
9679,周魯獻公,
9680,周魯真公,
9681,周魯武公,
9682,周魯懿公,
9684,周魯孝公,
9685,周魯惠公,
9686,周魯隱公,
9687,周魯桓公,
9688,周魯莊公,
9690,周魯閔公,
9691,周魯僖公,
9692,周魯文公,
9693,周魯宣公,
9694,周魯成公,
9695,周魯襄公,
9697,周魯昭公,
9698,周魯定公,
9699,周魯哀公,
9700,周魯悼公,
9701,周魯元公,
9702,周魯穆公,
9703,周魯共公,
9704,周魯康公,
9705,周魯景公,
9706,周魯平公,
9707,周魯文公,
9708,周魯頃公,
9709,周齊太公,
9710,周齊丁公,
9711,周齊乙公,
9712,周齊癸公,
9713,周齊哀公,
9714,周齊胡公,
9715,周齊獻公,
9716,周齊武公,
9717,周齊厲公,
9718,周齊文公,
9719,周齊成公,
9720,周齊前莊公,
9721,周齊釐公,
9722,周齊襄公,
9723,周齊前廢公,
9724,周齊桓公,
9725,周齊中廢公,
9726,周齊孝公,
9727,周齊昭公,
9728,周齊後廢公,
9729,周齊懿公,
9730,周齊惠公,
9731,周齊頃公,
9732,周齊靈公,
9733,周齊後莊公,
9734,周齊景公,
9735,周齊晏孺公,
9736,周齊悼公,
9737,周齊簡公,
9738,周齊平公,
9739,周齊宣公,
9740,周齊康公,
9741,周齊太公,
9742,周齊廢公,
9743,周齊桓公,
9744,齊威王,
9745,齊宣王,
9746,齊愍王,
9747,齊襄王,
9748,齊廢王,
9751,周晉武侯,
9752,周晉成侯,
9753,周晉厲侯,
9754,周晉靖侯,
9755,周晉釐侯,
9756,周晉獻侯,
9757,周晉穆侯,
9759,周晉文侯,
9760,周晉昭侯,
9761,周晉孝侯,
9762,周晉鄂侯,
9763,周晉哀侯,
9764,周晉小子侯,
9767,周曲沃莊伯,
9768,周曲沃武公,
9769,周晉獻公,
9770,周晉惠公,
9771,周晉懷公,
9772,周晉文公,
9773,周晉襄公,
9774,周晉靈公,
9775,周晉成公,
9776,周晉景公,
9777,周晉厲公,
9778,周晉悼公,
9779,周晉平公,
9780,周晉昭公,
9781,周晉頃公,
9782,周晉定公,
9783,周晉出公,
9784,周晉哀公,
9785,周晉幽公,
9786,周晉烈公,
9787,周晉孝公,
9788,周晉靜公,
9793,周秦莊公,
9794,周秦襄公,
9795,周秦文公,
9796,周秦靜公,
9797,周秦寧公,
9799,周秦武公,
9800,周秦德公,
9801,周秦宣公,
9802,周秦成公,
9803,周秦穆公,
9804,周秦康公,
9805,周秦共公,
9806,周秦桓公,
9807,周秦景公,
9808,周秦哀公,
9809,周秦夷公,
9810,周秦惠公,
9811,周秦悼公,
9812,周秦厲共公,
9813,周秦躁公,
9814,周秦懷公,
9815,周秦靈公,
9816,周秦簡公,
9817,周秦惠公,
9819,周秦獻公,
9820,周秦孝公,
9821,周秦惠文君,
9821,秦惠文王,
9822,秦武王,
9823,秦昭襄王,
9824,秦孝文王,
9825,秦莊襄王,
9845,楚武王,
9846,楚文王,
9847,楚莊王,
9848,楚成王,
9849,楚穆王,
9850,楚莊王,
9851,楚共王,
9852,楚康王,
9854,楚靈王,
9856,楚平王,
9857,楚昭王,
9858,楚惠王,
9859,楚簡王,
9860,楚聲王,
9861,楚悼王,
9862,楚肅王,
9863,楚宣王,
9864,楚威王,
1890,楚懷王,
1891,楚頃襄王,
1892,楚考烈王,
1893,楚幽王,
1894,楚哀王,
5084,楚隠王,
9865,楚假王,
9866,楚義帝,
9871,周宋丁公,
9872,周宋湣公,
9873,周宋煬公,
9874,周宋厲公,
9875,周宋釐公,
9876,周宋惠公,
9877,周宋哀公,
9878,周宋戴公,
9879,周宋武公,
9880,周宋宣公,
9881,周宋穆公,
9882,周宋殤公,
9883,周宋莊公,
9884,周宋湣公,
9885,周宋廢公,
9886,周宋桓公,
9887,周宋襄公,
9888,周宋成公,
9889,周宋廢公,
9890,周宋昭公,
9891,周宋文公,
9892,周宋共公,
9893,周宋平公,
9894,周宋元公,
9895,周宋景公,
9896,周宋昭公,
9897,周宋悼公,
9898,周宋休公,
9899,周宋桓公,
9900,周宋剔成君,
9901,宋康王,
9903,周衛康伯,
9904,周衛考伯,
9905,周衛嗣伯,
9906,周衛疌伯,
9907,周衛靖伯,
9908,周衛貞伯,
9909,周衛頃侯,
9910,周衛釐侯,
9911,周衛共伯,
9912,周衛武公,
9913,周衛莊公,
9914,周衛桓公,
9915,周衛廢公,
9916,周衛宣公,
9917,周衛惠公,
9918,周衛廢公,
9919,周衛惠公,
9920,周衛懿公,
9921,周衛戴公,
9922,周衛文公,
9923,周衛成公,
9924,周衛廢公,
9925,周衛成公,
9926,周衛穆公,
9927,周衛定公,
9928,周衛獻公,
9929,周衛殤公,
9930,周衛獻公,
9931,周衛襄公,
9932,周衛靈公,
9933,周衛出公,
9934,周衛莊公,
9935,周衛廢公,
9936,周衛廢公,
9937,周衛出公,
9938,周衛悼公,
9939,周衛敬公,
9940,周衛昭公,
9941,周衛懷公,
9942,周衛慎公,
9943,周衛聲公,
9944,周衛成侯,
9945,周衛平侯,
9946,衛嗣君,
9947,衛懷君,
9948,衛元君,
9949,衛廢君,
9950,周鄭桓公,
9951,周鄭武公,
9952,周鄭莊公,
9953,周鄭昭公,
9954,周鄭厲公,
9955,周鄭昭公,
9958,周鄭厲公,
9959,周鄭文公,
9960,周鄭穆公,
9961,周鄭靈公,
9962,周鄭襄公,
9963,周鄭悼公,
9964,周鄭成公,
9965,周鄭釐公,
9966,周鄭簡公,
9967,周鄭定公,
9968,周鄭獻公,
9969,周鄭聲公,
9970,周鄭哀公,
9971,周鄭共公,
9972,周鄭幽公,
9973,周鄭繻公,
9974,周鄭康公,
9975,周召康公,
9981,周燕惠侯,
9982,周燕釐侯,
9983,周燕頃侯,
9984,周燕哀侯,
9985,周燕鄭侯,
9986,周燕穆侯,
9987,周燕宣侯,
9988,周燕桓侯,
9989,周燕莊公,
9990,周燕襄公,
9991,周燕桓公,
9992,周燕宣公,
9993,周燕昭公,
9994,周燕武公,
9995,周燕文公,
9996,周燕懿公,
9997,周燕惠公,
9998,周燕悼公,
9999,周燕共公,
10000,周燕平公,
10001,周燕簡公,
10002,周燕孝公,
10003,周燕成公,
10004,周燕閔公,
10005,周燕簡公,
10006,周燕桓公,
10007,周燕文公,
10008,燕易王,
10010,燕昭王,
10011,燕恵王,
10012,燕武成王,
10013,燕孝王,
10014,燕王王,
10047,周蔡宮侯,
10048,周蔡厲侯,
10049,周蔡武侯,
10050,周蔡夷侯,
10051,周蔡釐侯,
10052,周蔡共侯,
10053,周蔡戴侯,
10054,周蔡宣侯,
10055,周蔡桓侯,
10056,周蔡哀侯,
10057,周蔡穆侯,
10058,周蔡莊侯,
10059,周蔡文侯,
10060,周蔡景侯,
10061,周蔡靈侯,
10062,周蔡平侯,
10063,周蔡悼侯,
10064,周蔡昭侯,
10065,周蔡成侯,
10066,周蔡聲侯,
10067,周蔡元侯,
10072,周曹宮伯,
10073,周曹孝伯,
10074,周曹夷伯,
10075,周曹幽伯,
10076,周曹戴伯,
10077,周曹惠伯,
10078,周曹廢伯,
10079,周曹穆公,
10080,周曹桓公,
10081,周曹莊公,
10082,周曹釐公,
10083,周曹昭公,
10084,周曹共公,
10085,周曹文公,
10086,周曹宣公,
10087,周曹成公,
10088,周曹武公,
10089,周曹平公,
10090,周曹悼公,
10091,周曹聲公,
10092,周曹隱公,
10093,周曹靖公,
10094,周曹廢公,
10095,周陳胡公,
10096,周陳申公,
10097,周陳相公,
10098,周陳孝公,
10099,周陳慎公,
10100,周陳幽公,
10101,周陳釐公,
10102,周陳武公,
10103,周陳夷公,
10104,周陳平公,
10105,周陳文公,
10106,周陳桓公,
10107,周陳廢公,
10108,周陳厲公,
10109,周陳莊公,
10110,周陳宣公,
10111,周陳穆公,
10112,周陳共公,
10113,周陳靈公,
10115,周陳成公,
10116,周陳哀公,
10117,周陳君公,
10119,周陳惠公,
10120,周陳懷公,
10121,周陳湣公,
10126,周杞武公,
10127,周杞靖公,
10128,周杞共公,
10129,周杞德公,
10130,周杞成公,
10131,周杞桓公,
10132,周杞孝公,
10133,周杞文公,
10134,周杞平公,
10135,周杞悼公,
10136,周杞隱公,
10137,周杞釐公,
10138,周杞湣公,
10139,周杞哀公,
10140,周杞出公,
10141,周杞簡公,
10155,周滕宣公,
10156,周滕昭公,
10157,周滕文公,
10158,周滕成公,
10159,周滕悼公,
10160,周滕頃公,
10161,周滕隱公,
10162,周滕考公,
10163,周滕定公,
10164,周滕文公,
10142,周韓景侯,
10143,周韓烈侯,
10144,周韓文侯,
10145,周韓哀侯,
10146,周韓共侯,
10147,周韓昭釐侯,
10147,周韓昭僖侯,
10148,周韓威侯,
10149,韓襄王,
10150,韓釐王,
10151,韓桓惠王,
10152,韓廢王,
10165,周魏文侯,
10166,周魏武侯,
10167,魏惠成王,
10167,魏惠王,
10167,梁惠王,
10167,梁君王,
10168,魏襄王,
10169,魏哀王,
10170,魏昭王,
10171,魏安釐王,
10172,魏景湣王,
10174,周趙烈侯,
10175,周趙武侯,
10176,周趙敬侯,
10177,周趙成侯,
10178,周趙肅侯,
10179,趙武靈王,
10180,趙惠文王,
10181,趙孝成王,
10182,趙悼襄王,
10183,趙幽繆王,
10184,趙代王,
3629,漢高帝,
3630,漢孝惠帝,
2933,漢少帝,
2946,漢少帝,
3631,漢孝文帝,
3632,漢孝景帝,
3839,漢孝武帝,
3633,漢孝昭帝,
3634,漢孝宣帝,
3708,漢孝元帝,
3723,漢孝成帝,
3724,漢孝哀帝,
3725,漢孝平帝,
3643,漢光武帝,
3854,漢孝明帝,
3644,漢孝章帝,
3645,漢孝和帝,
2999,漢殤帝,
3646,漢孝安帝,
3728,漢少帝,
3647,漢孝順帝,
3652,漢孝沖帝,
3653,漢孝質帝,
3654,漢孝桓帝,
3837,漢孝靈帝,
3655,漢少帝,
3656,漢孝獻帝,
4113,魏文帝,
263,魏明帝,
3657,魏邵陵厲公,
3659,魏元帝,
3710,漢昭烈帝,
3729,漢孝懷帝,
3907,吳大皇帝,
3730,吳少帝,
3730,吳廢帝,
3731,吳景帝,
3910,吳末皇帝,
3641,晉武帝,
3877,晉惠帝,
3662,晉懷帝,
3663,晉愍帝,
3873,晉元帝,
3874,晉明帝,
3876,晉成帝,
3664,晉康帝,
3875,晉穆帝,
3866,晉哀帝,
3665,晉廢帝,
3871,晉簡文帝,
3872,晉武帝,
3872,晉孝武帝,
3666,晉安帝,
3667,晉恭帝,
264,漢光文帝,
266,漢昭武帝,
267,漢隱帝,
3004,漢秦文王,
3009,漢武帝,
3040,漢昭文帝,
3078,漢歸義侯,
7617,趙明皇帝,
4302,趙武皇帝,
3968,涼成王,
3636,涼文王,
272,涼桓王,
273,晉涼哀公公,
3637,涼威王,
274,晉涼敬悼公,
274,涼沖王,
275,晉涼悼公,
3635,燕文明帝,
3998,燕景昭帝,
4001,燕幽帝,
7866,秦景明帝,
3678,秦厲王,
4326,秦宣昭帝,
3679,秦哀平帝,
3680,秦高帝,
293,秦後主,
3703,燕成武帝,
3672,燕惠愍帝,
3673,燕昭武帝,
288,燕昭文帝,
4362,秦武昭帝,
3901,秦文桓帝,
3900,秦後主,
297,秦宣烈王,
298,秦武元王,
299,秦文昭王,
4359,涼懿武皇帝,
276,涼隱王,
3886,涼靈皇帝,
277,涼後主,
278,南涼武威武王,
279,南涼河西康王,
280,南涼南涼景王,
7342,涼武宣王,
283,涼哀王,
289,南燕南燕末主,
3671,涼後主,
286,涼冠軍侯,
4407,夏武烈皇帝,
302,夏廢主,
303,夏後主,
290,燕惠懿帝,
291,燕文成帝,
292,燕昭成帝,
4002,西燕西燕威皇帝,
3198,仇池仇池武王,
3237,仇池仇池惠文王,
3249,仇池仇池孝昭王,
3856,宋武帝,
3732,宋少帝,
3853,宋文帝,
3860,宋孝武帝,
3833,宋前廢帝,
3838,宋明帝,
3733,晉後廢帝,
3734,宋順帝,
7605,齊高帝,
4361,齊武帝,
3695,齊明帝,
3697,齊和帝,
3861,梁武帝,
4356,梁簡文帝,
4358,梁孝元帝,
3737,梁敬帝,
7153,梁宣帝,
7175,梁孝明帝,
7175,梁明帝,
7178,梁孝靖帝,
7178,梁靖帝,
4486,陳武帝,
4485,陳文帝,
4479,陳廢帝,
4487,陳孝宣帝,
311,魏道武帝,
312,魏明元帝,
4051,魏太武帝,
315,魏文成帝,
316,魏獻文帝,
3819,魏孝文帝,
3821,魏宣武帝,
3825,魏孝明帝,
3740,魏孝莊帝,
3739,魏長廣王,
3741,魏節閔帝,
318,魏出帝,
318,魏孝武帝,
7809,魏孝靜帝,
3820,魏文帝,
3744,魏廢帝,
320,魏恭帝,
4519,齊文宣帝,
3742,齊廢帝,
4521,齊孝昭帝,
4520,齊武成帝,
3682,周孝閔帝,
3914,周明帝,
3918,周武帝,
3917,周孝宣帝,
321,周靜帝,
4171,隋文帝,
4173,隋煬帝,
3746,隋恭帝,
10187,武周武周聖神皇帝,
10186,唐唐殤皇帝,
15283,蜀神武聖文帝,
15256,吳武忠景王,
15257,吳景帝,
15258,吳高帝,
15259,吳睿帝,
15263,吳越吳越武肅王,
15264,吳越吳越文穆王,
15265,吳越吳越忠獻王,
15382,吳越吳越忠獻王,
15243,梁神武元聖孝帝,
15277,楚武穆王,
15279,楚恭孝王,
15273,漢天皇大帝帝,
15245,唐光聖神閔孝帝,
15246,唐聖德和武欽孝帝,
15249,晉聖文章武明德帝,
15287,荊武信王,
15288,荊文獻王,
15285,蜀武成英烈昭肅帝,
15267,閩忠潔王,
15260,唐光文肅武孝高帝,
15261,唐明道崇德文宣帝,
15296,遼大聖大明神烈帝,
15297,遼孝武惠文帝,
15298,遼孝和莊憲帝,
15299,遼孝安敬正帝,
15300,遼孝成康靖帝,
15301,遼文武大聖廣孝帝,
15302,遼神聖孝章帝,
15303,遼仁聖大孝帝,
15251,漢睿文聖武昭肅帝,
15253,周聖神恭肅文武帝,
15254,周睿武孝文帝,
15292,漢神武帝,
15293,漢孝和帝,
15305,宋啓運立極英武帝,
15306,宋至仁應道神功帝,
15308,宋體天法道極功帝,
15309,宋體乾應曆隆功帝,
15310,宋紹天法古運德帝,
15311,宋憲天敦化寧文帝,
15312,宋體神合道開德帝,
15314,宋受命中興全功帝,
15315,宋紹統同道冠德帝,
15316,宋循道憲仁明功帝,
15317,宋法天備道純德帝,
15318,宋建道備德大功帝,
15319,宋端文明武景孝帝,
15323,夏武烈帝,
15324,夏昭英帝,
15325,夏康靖帝,
15326,夏聖文帝,
15327,夏聖宗帝,
15328,夏昭簡帝,
15330,夏英文帝,
15333,金武元帝,
15334,金文烈帝,
15335,金德宗帝,
15337,金仁帝,
15338,金憲帝,
15340,金哀帝,
15343,元聖德神功文武帝,
15345,元仁惠宣孝帝,
15346,元聖文欽孝帝,
15347,元睿聖文孝帝,
15350,元翼獻莊和帝,
15351,元光聖仁孝帝,
15354,明開天行道肇紀帝,
15356,明啓天弘道高明帝,
15357,明敬天體道純誠帝,
15358,明憲天崇道英明帝,
15360,明恭仁康定景帝,
15359,明法天立道仁明帝,
15361,明繼天凝道顯中帝,
15362,明達天明道純誠帝,
15363,明承天達道英肅帝,
15364,明欽天履道英毅帝,
15365,明契天隆道淵懿帝,
15366,明範天合道哲肅帝,
15367,明崇天契道英睿帝,
15368,明達天闡道敦孝帝,
15369,明紹天繹道剛明帝,
15370,清承天廣運聖德帝,
15371,清應天興國弘德帝,
15372,清體天隆運定統帝,
15373,清合天弘運文武帝,
15374,清敬天昌運建中帝,
15375,清法天隆運至誠帝,
15376,清受天興運敷化帝,
15377,清效天符運立中帝,
15378,清協天翊運執中帝,
15379,清繼天開運受中帝,
15380,清同天崇運大中帝,
16334,日本日本孝徳天皇,
16338,日本日本天武天皇,
16340,日本日本文武天皇,
16341,日本日本元明天皇,
16342,日本日本元正天皇,
16343,日本日本聖武天皇,
16344,日本日本孝謙天皇,
16346,日本日本光仁天皇,
16347,日本日本桓武天皇,
16348,日本日本平城天皇,
16349,日本日本嵯峨天皇,
16350,日本日本淳和天皇,
16351,日本日本仁明天皇,
16352,日本日本文徳天皇,
16353,日本日本清和天皇,
16354,日本日本陽成天皇,
16355,日本日本光孝天皇,
16356,日本日本宇多天皇,
16357,日本日本醍醐天皇,
16358,日本日本朱雀天皇,
16359,日本日本村上天皇,
16360,日本日本冷泉天皇,
16361,日本日本円融天皇,
16362,日本日本花山天皇,
16363,日本日本一条天皇,
16364,日本日本三条天皇,
16365,日本日本後一条天皇,
16366,日本日本後朱雀天皇,
16367,日本日本後冷泉天皇,
16368,日本日本後三条天皇,
16369,日本日本白河天皇,
16370,日本日本堀河天皇,
16371,日本日本鳥羽天皇,
16372,日本日本崇徳天皇,
16373,日本日本近衛天皇,
16374,日本日本後白河天皇,
16375,日本日本二条天皇,
16376,日本日本六条天皇,
16377,日本日本高倉天皇,
16378,日本日本安徳天皇,
16379,日本日本後鳥羽天皇,
16380,日本日本土御門天皇,
16381,日本日本順徳天皇,
16383,日本日本後堀河天皇,
16384,日本日本四条天皇,
16385,日本日本後嵯峨天皇,
16386,日本日本後深草天皇,
16387,日本日本亀山天皇,
16388,日本日本後宇多天皇,
16389,日本日本伏見天皇,
16390,日本日本後伏見天皇,
16391,日本日本後二条天皇,
16392,日本日本花園天皇,
16393,日本日本後醍醐天皇,
16394,日本日本後村上天皇,
16395,日本日本長慶天皇,
16396,日本日本後亀山天皇,
16397,日本日本光厳天皇,
16398,日本日本光明天皇,
16399,日本日本崇光天皇,
16400,日本日本後光厳天皇,
16401,日本日本後円融天皇,
16402,日本日本後小松天皇,
16403,日本日本称光天皇,
16404,日本日本後花園天皇,
16405,日本日本後土御門天皇,
16406,日本日本後柏原天皇,
16407,日本日本後奈良天皇,
16408,日本日本正親町天皇,
16409,日本日本後陽成天皇,
16410,日本日本後水尾天皇,
16412,日本日本後光明天皇,
16413,日本日本後西天皇,
16414,日本日本霊元天皇,
16416,日本日本中御門天皇,
16417,日本日本桜町天皇,
16418,日本日本桃園天皇,
16419,日本日本後桜町天皇,
16420,日本日本後桃園天皇,
16421,日本日本光格天皇,
16422,日本日本仁孝天皇,
16423,日本日本孝明天皇,
16424,日本日本明治天皇,
16425,日本日本大正天皇,
16426,日本日本昭和天皇,
16510,新羅新羅法興王,
16511,新羅新羅眞興王,
16512,新羅新羅眞智王,
16513,新羅新羅眞平王,
16514,新羅新羅善德王,
16515,新羅新羅眞德王,
16516,新羅新羅武烈王,
16517,新羅新羅文武王,
16518,新羅新羅神文王,
16519,新羅新羅孝昭王,
16520,新羅新羅聖德王,
16521,新羅新羅孝成王,
16522,新羅新羅景德王,
16523,新羅新羅惠恭王,
16524,新羅新羅宣德王,
16525,新羅新羅元聖王,
16526,新羅新羅昭聖王,
16527,新羅新羅哀莊王,
16528,新羅新羅憲德王,
16529,新羅新羅興德王,
16530,新羅新羅僖康王,
16531,新羅新羅閔哀王,
16532,新羅新羅神武王,
16533,新羅新羅文聖王,
16534,新羅新羅憲安王,
16535,新羅新羅景文王,
16536,新羅新羅憲康王,
16537,新羅新羅定康王,
16538,新羅新羅眞聖王,
16539,新羅新羅孝恭王,
16540,新羅新羅神德王,
16541,新羅新羅景明王,
16542,新羅新羅景哀王,
16543,新羅新羅敬順王,
16594,高麗高麗忠烈王,
16595,高麗高麗忠宣王,
16596,高麗高麗忠肅王,
16597,高麗高麗忠惠王,
16598,高麗高麗忠穆王,
16599,高麗高麗忠定王,
16600,高麗高麗恭愍王,
16601,高麗高麗前廢王,
16602,高麗高麗後廢王,
16603,高麗高麗恭讓王,
16618,朝鮮朝鮮燕山君,
16623,朝鮮朝鮮光海君,
1571,涼西平明公,
15307,宋應符稽古成功帝,
16651,遼末主,
15344,元欽明廣孝帝,
16646,元後主,
16641,後梁後梁末帝,
16640,元懿太子,
15266,吳越吳越忠懿王,
3629,漢高皇帝,
3630,漢孝惠皇帝,
2933,漢少皇帝,
2946,漢少皇帝,
3631,漢孝文皇帝,
3632,漢孝景皇帝,
3839,漢孝武皇帝,
3633,漢孝昭皇帝,
3634,漢孝宣皇帝,
3708,漢孝元皇帝,
3723,漢孝成皇帝,
3724,漢孝哀皇帝,
3725,漢孝平皇帝,
3643,漢光武皇帝,
3854,漢孝明皇帝,
3644,漢孝章皇帝,
3645,漢孝和皇帝,
2999,漢殤皇帝,
3646,漢孝安皇帝,
3728,漢少皇帝,
3647,漢孝順皇帝,
3652,漢孝沖皇帝,
3653,漢孝質皇帝,
3654,漢孝桓皇帝,
3837,漢孝靈皇帝,
3655,漢少皇帝,
3656,漢孝獻皇帝,
4113,魏文皇帝,
263,魏明皇帝,
3659,魏元皇帝,
3710,漢昭烈皇帝,
3729,漢孝懷皇帝,
3730,吳少皇帝,
3730,吳廢皇帝,
3731,吳景皇帝,
3641,晉武皇帝,
3877,晉惠皇帝,
3662,晉懷皇帝,
3663,晉愍皇帝,
3873,晉元皇帝,
3874,晉明皇帝,
3876,晉成皇帝,
3664,晉康皇帝,
3875,晉穆皇帝,
3866,晉哀皇帝,
3665,晉廢皇帝,
3871,晉簡文皇帝,
3872,晉武皇帝,
3872,晉孝武皇帝,
3666,晉安皇帝,
3667,晉恭皇帝,
3856,宋武皇帝,
3732,宋少皇帝,
3853,宋文皇帝,
3860,宋孝武皇帝,
3833,宋前廢皇帝,
3838,宋明皇帝,
3733,晉後廢皇帝,
3734,宋順皇帝,
7605,齊高皇帝,
4361,齊武皇帝,
3695,齊明皇帝,
3697,齊和皇帝,
3861,梁武皇帝,
4356,梁簡文皇帝,
4358,梁孝元皇帝,
3737,梁敬皇帝,
7153,梁宣皇帝,
7175,梁孝明皇帝,
7175,梁明皇帝,
7178,梁孝靖皇帝,
7178,梁靖皇帝,
4486,陳武皇帝,
4485,陳文皇帝,
4479,陳廢皇帝,
4487,陳孝宣皇帝,
311,魏道武皇帝,
312,魏明元皇帝,
4051,魏太武皇帝,
315,魏文成皇帝,
316,魏獻文皇帝,
3819,魏孝文皇帝,
3821,魏宣武皇帝,
3825,魏孝明皇帝,
3740,魏孝莊皇帝,
3739,魏長廣皇王,
3741,魏節閔皇帝,
318,魏出皇帝,
318,魏孝武皇帝,
7809,魏孝靜皇帝,
3820,魏文皇帝,
3744,魏廢皇帝,
320,魏恭皇帝,
3682,周孝閔皇帝,
3914,周明皇帝,
3918,周武皇帝,
3917,周孝宣皇帝,
321,周靜皇帝,
4171,隋文皇帝,
4173,隋煬皇帝,
3746,隋恭皇帝,
15305,宋啓運立極英武皇帝,
15306,宋至仁應道神功皇帝,
15308,宋體天法道極功皇帝,
15309,宋體乾應曆隆功皇帝,
15310,宋紹天法古運德皇帝,
15311,宋憲天敦化寧文皇帝,
15312,宋體神合道開德皇帝,
15314,宋受命中興全功皇帝,
15315,宋紹統同道冠德皇帝,
15316,宋循道憲仁明功皇帝,
15317,宋法天備道純德皇帝,
15318,宋建道備德大功皇帝,
15319,宋端文明武景孝皇帝,
15333,金武元皇帝,
15334,金文烈皇帝,
15335,金德宗皇帝,
15337,金仁皇帝,
15338,金憲皇帝,
15340,金哀皇帝,
15343,元聖德神功文武皇帝,
15345,元仁惠宣孝皇帝,
15346,元聖文欽孝皇帝,
15347,元睿聖文孝皇帝,
15350,元翼獻莊和皇帝,
15351,元光聖仁孝皇帝,
15354,明開天行道肇紀皇帝,
15356,明啓天弘道高明皇帝,
15357,明敬天體道純誠皇帝,
15358,明憲天崇道英明皇帝,
15360,明恭仁康定景皇帝,
15359,明法天立道仁明皇帝,
15361,明繼天凝道顯中皇帝,
15362,明達天明道純誠皇帝,
15363,明承天達道英肅皇帝,
15364,明欽天履道英毅皇帝,
15365,明契天隆道淵懿皇帝,
15366,明範天合道哲肅皇帝,
15367,明崇天契道英睿皇帝,
15368,明達天闡道敦孝皇帝,
15369,明紹天繹道剛明皇帝,
15370,清承天廣運聖德皇帝,
15371,清應天興國弘德皇帝,
15372,清體天隆運定統皇帝,
15373,清合天弘運文武皇帝,
15374,清敬天昌運建中皇帝,
15375,清法天隆運至誠皇帝,
15376,清受天興運敷化皇帝,
15377,清效天符運立中皇帝,
15378,清協天翊運執中皇帝,
15379,清繼天開運受中皇帝,
15380,清同天崇運大中皇帝,
15307,宋應符稽古成功皇帝,
15344,元欽明廣孝皇帝,
9608,齊東平王,
9609,齊彭城王,
9612,齊北平王,
9615,齊蘭陵王,
9673,周魯公,
9674,周魯公,
9675,周魯公,
9676,周魯公,
9677,周魯公,
9678,周魯公,
9679,周魯公,
9680,周魯公,
9681,周魯公,
9682,周魯公,
9683,周魯公,
9684,周魯公,
9685,周魯公,
9686,周魯公,
9687,周魯公,
9688,周魯公,
9689,周魯公,
9690,周魯公,
9691,周魯公,
9692,周魯公,
9693,周魯公,
9694,周魯公,
9695,周魯公,
9696,周魯公,
9697,周魯公,
9698,周魯公,
9699,周魯公,
9700,周魯公,
9701,周魯公,
9702,周魯公,
9703,周魯公,
9704,周魯公,
9705,周魯公,
9706,周魯公,
9707,周魯公,
9708,周魯公,
9709,周齊公,
9710,周齊公,
9711,周齊公,
9712,周齊公,
9713,周齊公,
9714,周齊公,
9715,周齊公,
9716,周齊公,
9717,周齊公,
9718,周齊公,
9719,周齊公,
9720,周齊公,
9721,周齊公,
9722,周齊公,
9723,周齊公,
9724,周齊公,
9725,周齊公,
9726,周齊公,
9727,周齊公,
9728,周齊公,
9729,周齊公,
9730,周齊公,
9731,周齊公,
9732,周齊公,
9733,周齊公,
9734,周齊公,
9735,周齊公,
9736,周齊公,
9737,周齊公,
9738,周齊公,
9739,周齊公,
9740,周齊公,
9741,周齊公,
9742,周齊公,
9743,周齊公,
9750,周晉侯,
9751,周晉侯,
9752,周晉侯,
9753,周晉侯,
9754,周晉侯,
9755,周晉侯,
9756,周晉侯,
9757,周晉侯,
9758,周晉侯,
9759,周晉侯,
9760,周晉侯,
9761,周晉侯,
9762,周晉侯,
9763,周晉侯,
9764,周晉侯,
9765,周晉侯,
9767,周曲沃伯,
9768,周曲沃公,
9769,周晉公,
9770,周晉公,
9771,周晉公,
9772,周晉公,
9773,周晉公,
9774,周晉公,
9775,周晉公,
9776,周晉公,
9777,周晉公,
9778,周晉公,
9779,周晉公,
9780,周晉公,
9781,周晉公,
9782,周晉公,
9783,周晉公,
9784,周晉公,
9785,周晉公,
9786,周晉公,
9787,周晉公,
9788,周晉公,
9793,周秦公,
9794,周秦公,
9795,周秦公,
9796,周秦公,
9797,周秦公,
9798,周秦公,
9799,周秦公,
9800,周秦公,
9801,周秦公,
9802,周秦公,
9803,周秦公,
9804,周秦公,
9805,周秦公,
9806,周秦公,
9807,周秦公,
9808,周秦公,
9809,周秦公,
9810,周秦公,
9811,周秦公,
9812,周秦公,
9813,周秦公,
9814,周秦公,
9815,周秦公,
9816,周秦公,
9817,周秦公,
9818,周秦公,
9819,周秦公,
9820,周秦公,
9821,周秦君,
9870,周宋公,
9871,周宋公,
9872,周宋公,
9873,周宋公,
9874,周宋公,
9875,周宋公,
9876,周宋公,
9877,周宋公,
9878,周宋公,
9879,周宋公,
9880,周宋公,
9881,周宋公,
9882,周宋公,
9883,周宋公,
9884,周宋公,
9885,周宋公,
9886,周宋公,
9887,周宋公,
9888,周宋公,
9889,周宋公,
9890,周宋公,
9891,周宋公,
9892,周宋公,
9893,周宋公,
9894,周宋公,
9895,周宋公,
9896,周宋公,
9897,周宋公,
9898,周宋公,
9899,周宋公,
9900,周宋君,
9903,周衛伯,
9904,周衛伯,
9905,周衛伯,
9906,周衛伯,
9907,周衛伯,
9908,周衛伯,
9909,周衛侯,
9910,周衛侯,
9911,周衛伯,
9912,周衛公,
9913,周衛公,
9914,周衛公,
9915,周衛公,
9916,周衛公,
9917,周衛公,
9918,周衛公,
9919,周衛公,
9920,周衛公,
9921,周衛公,
9922,周衛公,
9923,周衛公,
9924,周衛公,
9925,周衛公,
9926,周衛公,
9927,周衛公,
9928,周衛公,
9929,周衛公,
9930,周衛公,
9931,周衛公,
9932,周衛公,
9933,周衛公,
9934,周衛公,
9935,周衛公,
9936,周衛公,
9937,周衛公,
9938,周衛公,
9939,周衛公,
9940,周衛公,
9941,周衛公,
9942,周衛公,
9943,周衛公,
9944,周衛侯,
9945,周衛侯,
9950,周鄭公,
9951,周鄭公,
9952,周鄭公,
9953,周鄭公,
9954,周鄭公,
9955,周鄭公,
9956,周鄭公,
9957,周鄭公,
9958,周鄭公,
9959,周鄭公,
9960,周鄭公,
9961,周鄭公,
9962,周鄭公,
9963,周鄭公,
9964,周鄭公,
9965,周鄭公,
9966,周鄭公,
9967,周鄭公,
9968,周鄭公,
9969,周鄭公,
9970,周鄭公,
9971,周鄭公,
9972,周鄭公,
9973,周鄭公,
9974,周鄭公,
9975,周召公,
9976,周燕侯,
9977,周燕侯,
9978,周燕侯,
9979,周燕侯,
9980,周燕侯,
9981,周燕侯,
9982,周燕侯,
9983,周燕侯,
9984,周燕侯,
9985,周燕侯,
9986,周燕侯,
9987,周燕侯,
9988,周燕侯,
9989,周燕公,
9990,周燕公,
9991,周燕公,
9992,周燕公,
9993,周燕公,
9994,周燕公,
9995,周燕公,
9996,周燕公,
9997,周燕公,
9998,周燕公,
9999,周燕公,
10000,周燕公,
10001,周燕公,
10002,周燕公,
10003,周燕公,
10004,周燕公,
10005,周燕公,
10006,周燕公,
10007,周燕公,
10039,周越侯,
10040,周越侯,
10041,周越侯,
10042,周越侯,
10047,周蔡侯,
10048,周蔡侯,
10049,周蔡侯,
10050,周蔡侯,
10051,周蔡侯,
10052,周蔡侯,
10053,周蔡侯,
10054,周蔡侯,
10055,周蔡侯,
10056,周蔡侯,
10057,周蔡侯,
10058,周蔡侯,
10059,周蔡侯,
10060,周蔡侯,
10061,周蔡侯,
10062,周蔡侯,
10063,周蔡侯,
10064,周蔡侯,
10065,周蔡侯,
10066,周蔡侯,
10067,周蔡侯,
10068,周蔡侯,
10072,周曹伯,
10073,周曹伯,
10074,周曹伯,
10075,周曹伯,
10076,周曹伯,
10077,周曹伯,
10078,周曹伯,
10079,周曹公,
10080,周曹公,
10081,周曹公,
10082,周曹公,
10083,周曹公,
10084,周曹公,
10085,周曹公,
10086,周曹公,
10087,周曹公,
10088,周曹公,
10089,周曹公,
10090,周曹公,
10091,周曹公,
10092,周曹公,
10093,周曹公,
10094,周曹公,
10095,周陳公,
10096,周陳公,
10097,周陳公,
10098,周陳公,
10099,周陳公,
10100,周陳公,
10101,周陳公,
10102,周陳公,
10103,周陳公,
10104,周陳公,
10105,周陳公,
10106,周陳公,
10107,周陳公,
10108,周陳公,
10109,周陳公,
10110,周陳公,
10111,周陳公,
10112,周陳公,
10113,周陳公,
10114,周陳君,
10115,周陳公,
10116,周陳公,
10117,周陳公,
10118,周陳君,
10119,周陳公,
10120,周陳公,
10121,周陳公,
10126,周杞公,
10127,周杞公,
10128,周杞公,
10129,周杞公,
10130,周杞公,
10131,周杞公,
10132,周杞公,
10133,周杞公,
10134,周杞公,
10135,周杞公,
10136,周杞公,
10137,周杞公,
10138,周杞公,
10139,周杞公,
10140,周杞公,
10141,周杞公,
10153,周滕公,
10155,周滕公,
10156,周滕公,
10157,周滕公,
10158,周滕公,
10159,周滕公,
10160,周滕公,
10161,周滕公,
10162,周滕公,
10163,周滕公,
10164,周滕公,
10142,周韓侯,
10143,周韓侯,
10144,周韓侯,
10145,周韓侯,
10146,周韓侯,
10147,周韓侯,
10148,周韓侯,
10165,周魏侯,
10166,周魏侯,
10174,周趙侯,
10175,周趙侯,
10176,周趙侯,
10177,周趙侯,
10178,周趙侯,
3722,漢海昏侯,
3657,魏邵陵公,
3658,魏高貴鄉公,
3730,吳會稽王,
265,漢梁王,
3842,趙秦王,
3004,漢秦王,
4301,趙海陽王,
269,趙義陽王,
270,趙新興王,
273,晉涼公,
274,晉涼公,
275,晉涼公,
278,南涼武王,
279,南涼河西王,
280,南涼南涼王,
4193,北涼建康公,
4000,南燕獻武皇帝,
289,南燕南燕主,
7320,晉涼王,
4002,西燕西燕皇帝,
3198,仇池仇池王,
3237,仇池仇池王,
3249,仇池仇池王,
3838,宋湘東王,
3733,宋蒼梧王,
3693,齊鬱林王,
3694,齊海陵王,
3696,齊東昏侯,
7316,梁豫章王,
4358,梁湘東王,
3736,梁貞陽侯,
314,魏南安王,
314,魏吳王,
7705,魏安定王,
4520,齊長廣王,
6414,齊范陽王,
4173,隋晉王,
5965,隋秦王,
5692,隋越王,
10187,武周武周皇帝,
15263,吳越吳越王,
15264,吳越吳越王,
15265,吳越吳越王,
15382,吳越吳越王,
15383,後梁郢王,
16334,日本日本天皇,
16338,日本日本天皇,
16340,日本日本天皇,
16341,日本日本天皇,
16342,日本日本天皇,
16343,日本日本天皇,
16344,日本日本天皇,
16346,日本日本天皇,
16347,日本日本天皇,
16348,日本日本天皇,
16349,日本日本天皇,
16350,日本日本天皇,
16351,日本日本天皇,
16352,日本日本天皇,
16353,日本日本天皇,
16354,日本日本天皇,
16355,日本日本天皇,
16356,日本日本天皇,
16357,日本日本天皇,
16358,日本日本天皇,
16359,日本日本天皇,
16360,日本日本天皇,
16361,日本日本天皇,
16362,日本日本天皇,
16363,日本日本天皇,
16364,日本日本天皇,
16365,日本日本天皇,
16366,日本日本天皇,
16367,日本日本天皇,
16368,日本日本天皇,
16369,日本日本天皇,
16370,日本日本天皇,
16371,日本日本天皇,
16372,日本日本天皇,
16373,日本日本天皇,
16374,日本日本天皇,
16375,日本日本天皇,
16376,日本日本天皇,
16377,日本日本天皇,
16378,日本日本天皇,
16379,日本日本天皇,
16380,日本日本天皇,
16381,日本日本天皇,
16383,日本日本天皇,
16384,日本日本天皇,
16385,日本日本天皇,
16386,日本日本天皇,
16387,日本日本天皇,
16388,日本日本天皇,
16389,日本日本天皇,
16390,日本日本天皇,
16391,日本日本天皇,
16392,日本日本天皇,
16393,日本日本天皇,
16394,日本日本天皇,
16395,日本日本天皇,
16396,日本日本天皇,
16397,日本日本天皇,
16398,日本日本天皇,
16399,日本日本天皇,
16400,日本日本天皇,
16401,日本日本天皇,
16402,日本日本天皇,
16403,日本日本天皇,
16404,日本日本天皇,
16405,日本日本天皇,
16406,日本日本天皇,
16407,日本日本天皇,
16408,日本日本天皇,
16409,日本日本天皇,
16410,日本日本天皇,
16412,日本日本天皇,
16413,日本日本天皇,
16414,日本日本天皇,
16416,日本日本天皇,
16417,日本日本天皇,
16418,日本日本天皇,
16419,日本日本天皇,
16420,日本日本天皇,
16421,日本日本天皇,
16422,日本日本天皇,
16423,日本日本天皇,
16424,日本日本天皇,
16425,日本日本天皇,
16426,日本日本天皇,
16510,新羅新羅王,
16511,新羅新羅王,
16512,新羅新羅王,
16513,新羅新羅王,
16514,新羅新羅王,
16515,新羅新羅王,
16516,新羅新羅王,
16517,新羅新羅王,
16518,新羅新羅王,
16519,新羅新羅王,
16520,新羅新羅王,
16521,新羅新羅王,
16522,新羅新羅王,
16523,新羅新羅王,
16524,新羅新羅王,
16525,新羅新羅王,
16526,新羅新羅王,
16527,新羅新羅王,
16528,新羅新羅王,
16529,新羅新羅王,
16530,新羅新羅王,
16531,新羅新羅王,
16532,新羅新羅王,
16533,新羅新羅王,
16534,新羅新羅王,
16535,新羅新羅王,
16536,新羅新羅王,
16537,新羅新羅王,
16538,新羅新羅王,
16539,新羅新羅王,
16540,新羅新羅王,
16541,新羅新羅王,
16542,新羅新羅王,
16543,新羅新羅王,
16594,高麗高麗王,
16595,高麗高麗王,
16596,高麗高麗王,
16597,高麗高麗王,
16598,高麗高麗王,
16599,高麗高麗王,
16600,高麗高麗王,
16601,高麗高麗王,
16602,高麗高麗王,
16603,高麗高麗王,
16618,朝鮮朝鮮君,
16623,朝鮮朝鮮君,
1571,涼西平公,
4256,大鄭大鄭皇帝,
16641,後梁後梁帝,
15266,吳越吳越王,
9609,齊彭城景思王子庸,
9674,周魯考公姬酋,
9675,周魯煬公姬熙,
9676,周魯幽公姬宰,
9677,周魯魏公姬沸,
9678,周魯厲公姬擢,
9679,周魯獻公姬具,
9680,周魯真公姬濞,
9681,周魯武公姬敖,
9682,周魯懿公姬戲,
9684,周魯孝公姬稱,
9685,周魯惠公姬弗湟,
9686,周魯隱公姬息姑,
9687,周魯桓公姬允,
9688,周魯莊公姬同,
9690,周魯閔公姬啟,
9691,周魯僖公姬申,
9692,周魯文公姬興,
9693,周魯宣公姬俀,
9694,周魯成公姬黑肱,
9695,周魯襄公姬午,
9697,周魯昭公姬稠,
9698,周魯定公姬宋,
9699,周魯哀公姬將,
9700,周魯悼公姬寧,
9701,周魯元公姬嘉,
9702,周魯穆公姬顯,
9703,周魯共公姬奮,
9704,周魯康公姬屯,
9705,周魯景公姬匽,
9706,周魯平公姬叔,
9707,周魯文公姬賈,
9708,周魯頃公姬讎,
9709,周齊太公姜尚,
9710,周齊丁公姜伋,
9711,周齊乙公姜得,
9712,周齊癸公姜慈母,
9713,周齊哀公姜不辰,
9714,周齊胡公姜靜,
9715,周齊獻公姜山,
9716,周齊武公姜壽,
9717,周齊厲公姜無忌,
9718,周齊文公姜赤,
9719,周齊成公姜脫,
9720,周齊前莊公姜購,
9721,周齊釐公姜祿甫,
9722,周齊襄公姜諸兒,
9723,周齊前廢公姜無知,
9724,周齊桓公姜小白,
9725,周齊中廢公姜無詭,
9726,周齊孝公姜昭,
9727,周齊昭公姜潘,
9728,周齊後廢公姜舍,
9729,周齊懿公姜商人,
9730,周齊惠公姜元,
9731,周齊頃公姜無野,
9732,周齊靈公姜環,
9733,周齊後莊公姜光,
9734,周齊景公姜杵臼,
9735,周齊晏孺公姜荼,
9736,周齊悼公姜陽生,
9737,周齊簡公姜壬,
9738,周齊平公姜驁,
9739,周齊宣公姜積,
9740,周齊康公姜貸,
9741,周齊太公田和,
9742,周齊廢公田剡,
9743,周齊桓公田午,
9751,周晉武侯姬寧族,
9752,周晉成侯姬服人,
9753,周晉厲侯姬福,
9754,周晉靖侯姬宜臼,
9755,周晉釐侯姬司徒,
9756,周晉獻侯姬籍,
9757,周晉穆侯姬費王,
9759,周晉文侯姬仇,
9760,周晉昭侯姬伯,
9761,周晉孝侯姬平,
9762,周晉鄂侯姬卻,
9763,周晉哀侯姬光,
9764,周晉小子侯姬小子,
9767,周曲沃莊伯姬鱓,
9768,周曲沃武公姬稱,
9769,周晉獻公姬詭諸,
9770,周晉惠公姬夷吾,
9771,周晉懷公姬圉,
9772,周晉文公姬重耳,
9773,周晉襄公姬歡,
9774,周晉靈公姬夷皋,
9775,周晉成公姬黑臀,
9776,周晉景公姬據,
9777,周晉厲公姬壽曼,
9778,周晉悼公姬周,
9779,周晉平公姬彪,
9780,周晉昭公姬夷,
9781,周晉頃公姬棄疾,
9782,周晉定公姬午,
9783,周晉出公姬鑿,
9784,周晉哀公姬驕,
9785,周晉幽公姬柳,
9786,周晉烈公姬止,
9787,周晉孝公姬頎,
9788,周晉靜公姬俱酒,
9803,周秦穆公嬴任好,
9804,周秦康公嬴罃,
9805,周秦共公嬴稻,
9806,周秦桓公嬴榮,
9807,周秦景公嬴後,
9812,周秦厲共公嬴刺,
9815,周秦靈公嬴肅,
9816,周秦簡公嬴悼子,
9819,周秦獻公嬴師隰,
9821,周秦惠文君嬴 駰,
9821,周秦惠文君嬴 駟,
9871,周宋丁公子申,
9872,周宋湣公子共,
9873,周宋煬公子熙,
9874,周宋厲公子鮒祀,
9875,周宋釐公子舉,
9876,周宋惠公子覵,
9879,周宋武公子司空,
9880,周宋宣公子力,
9881,周宋穆公子和,
9882,周宋殤公子與夷,
9883,周宋莊公子馮,
9884,周宋湣公子捷,
9885,周宋廢公子游,
9886,周宋桓公子禦說,
9887,周宋襄公子玆甫,
9888,周宋成公子王臣,
9889,周宋廢公子禦,
9890,周宋昭公子杵臼,
9891,周宋文公子鮑革,
9892,周宋共公子瑕,
9893,周宋平公子成,
9894,周宋元公子佐,
9895,周宋景公子頭曼,
9896,周宋昭公子特,
9897,周宋悼公子購由,
9898,周宋休公子田,
9899,周宋桓公子辟兵,
9900,周宋剔成君戴剔成,
9911,周衛共伯姬餘,
9912,周衛武公姬和,
9913,周衛莊公姬揚,
9914,周衛桓公姬完,
9915,周衛廢公姬州吁,
9916,周衛宣公姬晉,
9917,周衛惠公姬朔,
9918,周衛廢公姬黔牟,
9919,周衛惠公姬朔,
9920,周衛懿公姬赤,
9921,周衛戴公姬申,
9922,周衛文公姬燬,
9923,周衛成公姬鄭,
9924,周衛廢公姬瑕,
9925,周衛成公姬鄭,
9926,周衛穆公姬遫,
9927,周衛定公姬臧,
9928,周衛獻公姬衎,
9929,周衛殤公姬秋,
9930,周衛獻公姬衎,
9931,周衛襄公姬惡,
9932,周衛靈公姬元,
9933,周衛出公姬輒,
9934,周衛莊公姬蒯聵,
9935,周衛廢公姬起,
9936,周衛廢公姬般師,
9937,周衛出公姬輒,
9938,周衛悼公姬黔,
9939,周衛敬公姬弗,
9940,周衛昭公姬糾,
9941,周衛懷公姬亶,
9942,周衛慎公姬穨,
9943,周衛聲公姬訓,
9944,周衛成侯姬不逝,
9945,周衛平侯姬南勁,
9950,周鄭桓公姬友,
9951,周鄭武公姬掘突,
9952,周鄭莊公姬寤生,
9953,周鄭昭公姬忽,
9954,周鄭厲公姬突,
9955,周鄭昭公姬忽,
9958,周鄭厲公姬突,
9959,周鄭文公姬踕,
9960,周鄭穆公姬子蘭,
9961,周鄭靈公姬子夷,
9962,周鄭襄公姬子堅,
9963,周鄭悼公姬沸,
9964,周鄭成公姬睔,
9965,周鄭釐公姬惲,
9966,周鄭簡公姬嘉,
9967,周鄭定公姬寧,
9968,周鄭獻公姬躉,
9969,周鄭聲公姬勝,
9970,周鄭哀公姬易,
9971,周鄭共公姬醜,
9972,周鄭幽公姬已,
9973,周鄭繻公姬駘,
9974,周鄭康公姬乙,
9975,周召康公姬奭,
9982,周燕釐侯姬荘,
10003,周燕成公姬戴,
10005,周燕簡公姬載,
10051,周蔡釐侯姬所事,
10052,周蔡共侯姬興,
10054,周蔡宣侯姬措父,
10055,周蔡桓侯姬封人,
10056,周蔡哀侯姬獻舞,
10057,周蔡穆侯姬肸,
10058,周蔡莊侯姬甲午,
10059,周蔡文侯姬申,
10060,周蔡景侯姬固,
10061,周蔡靈侯姬般,
10062,周蔡平侯姬廬,
10063,周蔡悼侯姬東國,
10064,周蔡昭侯姬申,
10065,周蔡成侯姬朔,
10066,周蔡聲侯姬產,
10072,周曹宮伯姬侯,
10073,周曹孝伯姬云,
10074,周曹夷伯姬喜,
10075,周曹幽伯姬疆,
10076,周曹戴伯姬蘇,
10077,周曹惠伯姬兕,
10078,周曹廢伯姬石甫,
10079,周曹穆公姬武,
10080,周曹桓公姬終生,
10081,周曹莊公姬射姑,
10082,周曹釐公姬夷,
10083,周曹昭公姬班,
10084,周曹共公姬襄,
10085,周曹文公姬壽,
10086,周曹宣公姬彊,
10087,周曹成公姬負芻,
10088,周曹武公姬勝,
10089,周曹平公姬須,
10090,周曹悼公姬午,
10091,周曹聲公姬野,
10092,周曹隱公姬通,
10093,周曹靖公姬露,
10094,周曹廢公姬伯陽,
10095,周陳胡公媯滿,
10096,周陳申公媯犀侯,
10097,周陳相公媯皋羊,
10098,周陳孝公媯突,
10099,周陳慎公媯圉戎,
10100,周陳幽公媯寧,
10101,周陳釐公媯孝,
10102,周陳武公媯靈,
10103,周陳夷公媯說,
10104,周陳平公媯燮,
10105,周陳文公媯圉,
10106,周陳桓公媯鮑,
10107,周陳廢公媯佗,
10108,周陳厲公媯躍,
10109,周陳莊公媯林,
10110,周陳宣公媯杵臼,
10111,周陳穆公媯款,
10112,周陳共公媯朔,
10113,周陳靈公媯平國,
10115,周陳成公媯午,
10116,周陳哀公媯弱,
10117,周陳君公媯留,
10119,周陳惠公媯吳,
10120,周陳懷公媯柳,
10121,周陳湣公媯越,
10131,周杞桓公姒姑容,
10132,周杞孝公姒匄,
10133,周杞文公姒益姑,
10134,周杞平公姒鬱,
10135,周杞悼公姒成,
10136,周杞隱公姒乞,
10137,周杞釐公姒遂,
10138,周杞湣公姒維,
10139,周杞哀公姒閼路,
10140,周杞出公姒敕,
10141,周杞簡公姒春,
10155,周滕宣公姬嬰齊,
10156,周滕昭公姬元,
10158,周滕成公姬原,
10159,周滕悼公姬寧,
10160,周滕頃公姬結,
10161,周滕隱公姬虞毋,
10162,周滕考公姬麇,
10142,周韓景侯韓虔,
10143,周韓烈侯韓取,
10144,周韓文侯韓猷,
10145,周韓哀侯韓屯蒙,
10146,周韓共侯韓若山,
10147,周韓昭釐侯韓仁敬,
10147,周韓昭僖侯韓仁敬,
10148,周韓威侯韓康,
10165,周魏文侯魏斯,
10166,周魏武侯魏擊,
10174,周趙烈侯趙籍,
10176,周趙敬侯趙章,
10177,周趙成侯趙種,
10178,周趙肅侯趙語,
3657,魏邵陵厲公曹芳,
3004,漢秦文王李流,
273,晉涼哀公公張曜靈,
274,晉涼敬悼公張玄靚,
275,晉涼悼公張天錫,
278,南涼武威武王禿髮烏孤,
279,南涼河西康王禿髮利鹿孤,
280,南涼南涼景王禿髮傉檀,
289,南燕南燕末主慕容超,
4002,西燕西燕威皇帝慕容沖,
3198,仇池仇池武王楊定,
3237,仇池仇池惠文王楊盛,
3249,仇池仇池孝昭王楊玄,
10187,武周武周聖神皇帝武瞾,
15263,吳越吳越武肅王錢鏐,
15264,吳越吳越文穆王錢元瓘,
15265,吳越吳越忠獻王錢弘佐,
15382,吳越吳越忠獻王錢弘倧,
1571,涼西平明公張寔,
16641,後梁後梁末帝朱友貞,
15266,吳越吳越忠懿王錢弘俶,
9609,齊彭城景思王庸,
9674,周魯考公酋,
9675,周魯煬公熙,
9676,周魯幽公宰,
9677,周魯魏公沸,
9678,周魯厲公擢,
9679,周魯獻公具,
9680,周魯真公濞,
9681,周魯武公敖,
9682,周魯懿公戲,
9684,周魯孝公稱,
9685,周魯惠公弗湟,
9686,周魯隱公息姑,
9687,周魯桓公允,
9688,周魯莊公同,
9690,周魯閔公啟,
9691,周魯僖公申,
9692,周魯文公興,
9693,周魯宣公俀,
9694,周魯成公黑肱,
9695,周魯襄公午,
9697,周魯昭公稠,
9698,周魯定公宋,
9699,周魯哀公將,
9700,周魯悼公寧,
9701,周魯元公嘉,
9702,周魯穆公顯,
9703,周魯共公奮,
9704,周魯康公屯,
9705,周魯景公匽,
9706,周魯平公叔,
9707,周魯文公賈,
9708,周魯頃公讎,
9709,周齊太公尚,
9710,周齊丁公伋,
9711,周齊乙公得,
9712,周齊癸公慈母,
9713,周齊哀公不辰,
9714,周齊胡公靜,
9715,周齊獻公山,
9716,周齊武公壽,
9717,周齊厲公無忌,
9718,周齊文公赤,
9719,周齊成公脫,
9720,周齊前莊公購,
9721,周齊釐公祿甫,
9722,周齊襄公諸兒,
9723,周齊前廢公無知,
9724,周齊桓公小白,
9725,周齊中廢公無詭,
9726,周齊孝公昭,
9727,周齊昭公潘,
9728,周齊後廢公舍,
9729,周齊懿公商人,
9730,周齊惠公元,
9731,周齊頃公無野,
9732,周齊靈公環,
9733,周齊後莊公光,
9734,周齊景公杵臼,
9735,周齊晏孺公荼,
9736,周齊悼公陽生,
9737,周齊簡公壬,
9738,周齊平公驁,
9739,周齊宣公積,
9740,周齊康公貸,
9741,周齊太公和,
9742,周齊廢公剡,
9743,周齊桓公午,
9751,周晉武侯寧族,
9752,周晉成侯服人,
9753,周晉厲侯福,
9754,周晉靖侯宜臼,
9755,周晉釐侯司徒,
9756,周晉獻侯籍,
9757,周晉穆侯費王,
9759,周晉文侯仇,
9760,周晉昭侯伯,
9761,周晉孝侯平,
9762,周晉鄂侯卻,
9763,周晉哀侯光,
9764,周晉小子侯小子,
9767,周曲沃莊伯鱓,
9768,周曲沃武公稱,
9769,周晉獻公詭諸,
9770,周晉惠公夷吾,
9771,周晉懷公圉,
9772,周晉文公重耳,
9773,周晉襄公歡,
9774,周晉靈公夷皋,
9775,周晉成公黑臀,
9776,周晉景公據,
9777,周晉厲公壽曼,
9778,周晉悼公周,
9779,周晉平公彪,
9780,周晉昭公夷,
9781,周晉頃公棄疾,
9782,周晉定公午,
9783,周晉出公鑿,
9784,周晉哀公驕,
9785,周晉幽公柳,
9786,周晉烈公止,
9787,周晉孝公頎,
9788,周晉靜公俱酒,
9803,周秦穆公任好,
9804,周秦康公罃,
9805,周秦共公稻,
9806,周秦桓公榮,
9807,周秦景公後,
9812,周秦厲共公刺,
9815,周秦靈公肅,
9816,周秦簡公悼子,
9819,周秦獻公師隰,
9821,周秦惠文君駰,
9821,周秦惠文君駟,
9871,周宋丁公申,
9872,周宋湣公共,
9873,周宋煬公熙,
9874,周宋厲公鮒祀,
9875,周宋釐公舉,
9876,周宋惠公覵,
9879,周宋武公司空,
9880,周宋宣公力,
9881,周宋穆公和,
9882,周宋殤公與夷,
9883,周宋莊公馮,
9884,周宋湣公捷,
9885,周宋廢公游,
9886,周宋桓公禦說,
9887,周宋襄公玆甫,
9888,周宋成公王臣,
9889,周宋廢公禦,
9890,周宋昭公杵臼,
9891,周宋文公鮑革,
9892,周宋共公瑕,
9893,周宋平公成,
9894,周宋元公佐,
9895,周宋景公頭曼,
9896,周宋昭公特,
9897,周宋悼公購由,
9898,周宋休公田,
9899,周宋桓公辟兵,
9900,周宋剔成君剔成,
9911,周衛共伯餘,
9912,周衛武公和,
9913,周衛莊公揚,
9914,周衛桓公完,
9915,周衛廢公州吁,
9916,周衛宣公晉,
9917,周衛惠公朔,
9918,周衛廢公黔牟,
9919,周衛惠公朔,
9920,周衛懿公赤,
9921,周衛戴公申,
9922,周衛文公燬,
9923,周衛成公鄭,
9924,周衛廢公瑕,
9925,周衛成公鄭,
9926,周衛穆公遫,
9927,周衛定公臧,
9928,周衛獻公衎,
9929,周衛殤公秋,
9930,周衛獻公衎,
9931,周衛襄公惡,
9932,周衛靈公元,
9933,周衛出公輒,
9934,周衛莊公蒯聵,
9935,周衛廢公起,
9936,周衛廢公般師,
9937,周衛出公輒,
9938,周衛悼公黔,
9939,周衛敬公弗,
9940,周衛昭公糾,
9941,周衛懷公亶,
9942,周衛慎公穨,
9943,周衛聲公訓,
9944,周衛成侯不逝,
9945,周衛平侯南勁,
9950,周鄭桓公友,
9951,周鄭武公掘突,
9952,周鄭莊公寤生,
9953,周鄭昭公忽,
9954,周鄭厲公突,
9955,周鄭昭公忽,
9958,周鄭厲公突,
9959,周鄭文公踕,
9960,周鄭穆公子蘭,
9961,周鄭靈公子夷,
9962,周鄭襄公子堅,
9963,周鄭悼公沸,
9964,周鄭成公睔,
9965,周鄭釐公惲,
9966,周鄭簡公嘉,
9967,周鄭定公寧,
9968,周鄭獻公躉,
9969,周鄭聲公勝,
9970,周鄭哀公易,
9971,周鄭共公醜,
9972,周鄭幽公已,
9973,周鄭繻公駘,
9974,周鄭康公乙,
9975,周召康公奭,
9982,周燕釐侯荘,
10003,周燕成公戴,
10005,周燕簡公載,
10051,周蔡釐侯所事,
10052,周蔡共侯興,
10054,周蔡宣侯措父,
10055,周蔡桓侯封人,
10056,周蔡哀侯獻舞,
10057,周蔡穆侯肸,
10058,周蔡莊侯甲午,
10059,周蔡文侯申,
10060,周蔡景侯固,
10061,周蔡靈侯般,
10062,周蔡平侯廬,
10063,周蔡悼侯東國,
10064,周蔡昭侯申,
10065,周蔡成侯朔,
10066,周蔡聲侯產,
10072,周曹宮伯侯,
10073,周曹孝伯云,
10074,周曹夷伯喜,
10075,周曹幽伯疆,
10076,周曹戴伯蘇,
10077,周曹惠伯兕,
10078,周曹廢伯石甫,
10079,周曹穆公武,
10080,周曹桓公終生,
10081,周曹莊公射姑,
10082,周曹釐公夷,
10083,周曹昭公班,
10084,周曹共公襄,
10085,周曹文公壽,
10086,周曹宣公彊,
10087,周曹成公負芻,
10088,周曹武公勝,
10089,周曹平公須,
10090,周曹悼公午,
10091,周曹聲公野,
10092,周曹隱公通,
10093,周曹靖公露,
10094,周曹廢公伯陽,
10095,周陳胡公滿,
10096,周陳申公犀侯,
10097,周陳相公皋羊,
10098,周陳孝公突,
10099,周陳慎公圉戎,
10100,周陳幽公寧,
10101,周陳釐公孝,
10102,周陳武公靈,
10103,周陳夷公說,
10104,周陳平公燮,
10105,周陳文公圉,
10106,周陳桓公鮑,
10107,周陳廢公佗,
10108,周陳厲公躍,
10109,周陳莊公林,
10110,周陳宣公杵臼,
10111,周陳穆公款,
10112,周陳共公朔,
10113,周陳靈公平國,
10115,周陳成公午,
10116,周陳哀公弱,
10117,周陳君公留,
10119,周陳惠公吳,
10120,周陳懷公柳,
10121,周陳湣公越,
10131,周杞桓公姑容,
10132,周杞孝公匄,
10133,周杞文公益姑,
10134,周杞平公鬱,
10135,周杞悼公成,
10136,周杞隱公乞,
10137,周杞釐公遂,
10138,周杞湣公維,
10139,周杞哀公閼路,
10140,周杞出公敕,
10141,周杞簡公春,
10155,周滕宣公嬰齊,
10156,周滕昭公元,
10158,周滕成公原,
10159,周滕悼公寧,
10160,周滕頃公結,
10161,周滕隱公虞毋,
10162,周滕考公麇,
10142,周韓景侯虔,
10143,周韓烈侯取,
10144,周韓文侯猷,
10145,周韓哀侯屯蒙,
10146,周韓共侯若山,
10147,周韓昭釐侯仁敬,
10147,周韓昭僖侯仁敬,
10148,周韓威侯康,
10165,周魏文侯斯,
10166,周魏武侯擊,
10174,周趙烈侯籍,
10176,周趙敬侯章,
10177,周趙成侯種,
10178,周趙肅侯語,
3657,魏邵陵厲公芳,
3004,漢秦文王流,
273,晉涼哀公公曜靈,
274,晉涼敬悼公玄靚,
275,晉涼悼公天錫,
278,南涼武威武王烏孤,
279,南涼河西康王利鹿孤,
280,南涼南涼景王傉檀,
289,南燕南燕末主超,
4002,西燕西燕威皇帝沖,
3198,仇池仇池武王定,
3237,仇池仇池惠文王盛,
3249,仇池仇池孝昭王玄,
10187,武周武周聖神皇帝瞾,
15263,吳越吳越武肅王鏐,
15264,吳越吳越文穆王元瓘,
15265,吳越吳越忠獻王弘佐,
15382,吳越吳越忠獻王弘倧,
1571,涼西平明公寔,
16641,後梁後梁末帝友貞,
15266,吳越吳越忠懿王弘俶,
9608,東平王子勝,
9609,彭城王子庸,
9612,北平王子辯,
9615,蘭陵王子密,
9673,魯公姬伯禽,
9674,魯公姬酋,
9675,魯公姬熙,
9676,魯公姬宰,
9677,魯公姬沸,
9678,魯公姬擢,
9679,魯公姬具,
9680,魯公姬濞,
9681,魯公姬敖,
9682,魯公姬戲,
9683,魯公姬伯御,
9684,魯公姬稱,
9685,魯公姬弗湟,
9686,魯公姬息姑,
9687,魯公姬允,
9688,魯公姬同,
9689,魯公姬斑,
9690,魯公姬啟,
9691,魯公姬申,
9692,魯公姬興,
9693,魯公姬俀,
9694,魯公姬黑肱,
9695,魯公姬午,
9696,魯公姬野,
9697,魯公姬稠,
9698,魯公姬宋,
9699,魯公姬將,
9700,魯公姬寧,
9701,魯公姬嘉,
9702,魯公姬顯,
9703,魯公姬奮,
9704,魯公姬屯,
9705,魯公姬匽,
9706,魯公姬叔,
9707,魯公姬賈,
9708,魯公姬讎,
9709,齊公姜尚,
9710,齊公姜伋,
9711,齊公姜得,
9712,齊公姜慈母,
9713,齊公姜不辰,
9714,齊公姜靜,
9715,齊公姜山,
9716,齊公姜壽,
9717,齊公姜無忌,
9718,齊公姜赤,
9719,齊公姜脫,
9720,齊公姜購,
9721,齊公姜祿甫,
9722,齊公姜諸兒,
9723,齊公姜無知,
9724,齊公姜小白,
9725,齊公姜無詭,
9726,齊公姜昭,
9727,齊公姜潘,
9728,齊公姜舍,
9729,齊公姜商人,
9730,齊公姜元,
9731,齊公姜無野,
9732,齊公姜環,
9733,齊公姜光,
9734,齊公姜杵臼,
9735,齊公姜荼,
9736,齊公姜陽生,
9737,齊公姜壬,
9738,齊公姜驁,
9739,齊公姜積,
9740,齊公姜貸,
9741,齊公田和,
9742,齊公田剡,
9743,齊公田午,
9750,晉侯姬燮,
9751,晉侯姬寧族,
9752,晉侯姬服人,
9753,晉侯姬福,
9754,晉侯姬宜臼,
9755,晉侯姬司徒,
9756,晉侯姬籍,
9757,晉侯姬費王,
9758,晉侯姬殤,
9759,晉侯姬仇,
9760,晉侯姬伯,
9761,晉侯姬平,
9762,晉侯姬卻,
9763,晉侯姬光,
9764,晉侯姬小子,
9765,晉侯姬緡,
9767,曲沃伯姬鱓,
9768,曲沃公姬稱,
9769,晉公姬詭諸,
9770,晉公姬夷吾,
9771,晉公姬圉,
9772,晉公姬重耳,
9773,晉公姬歡,
9774,晉公姬夷皋,
9775,晉公姬黑臀,
9776,晉公姬據,
9777,晉公姬壽曼,
9778,晉公姬周,
9779,晉公姬彪,
9780,晉公姬夷,
9781,晉公姬棄疾,
9782,晉公姬午,
9783,晉公姬鑿,
9784,晉公姬驕,
9785,晉公姬柳,
9786,晉公姬止,
9787,晉公姬頎,
9788,晉公姬俱酒,
9803,秦公嬴任好,
9804,秦公嬴罃,
9805,秦公嬴稻,
9806,秦公嬴榮,
9807,秦公嬴後,
9812,秦公嬴刺,
9815,秦公嬴肅,
9816,秦公嬴悼子,
9819,秦公嬴師隰,
9821,秦君嬴 駰,
9821,秦君嬴 駟,
9870,宋公子稽,
9871,宋公子申,
9872,宋公子共,
9873,宋公子熙,
9874,宋公子鮒祀,
9875,宋公子舉,
9876,宋公子覵,
9879,宋公子司空,
9880,宋公子力,
9881,宋公子和,
9882,宋公子與夷,
9883,宋公子馮,
9884,宋公子捷,
9885,宋公子游,
9886,宋公子禦說,
9887,宋公子玆甫,
9888,宋公子王臣,
9889,宋公子禦,
9890,宋公子杵臼,
9891,宋公子鮑革,
9892,宋公子瑕,
9893,宋公子成,
9894,宋公子佐,
9895,宋公子頭曼,
9896,宋公子特,
9897,宋公子購由,
9898,宋公子田,
9899,宋公子辟兵,
9900,宋君戴剔成,
9911,衛伯姬餘,
9912,衛公姬和,
9913,衛公姬揚,
9914,衛公姬完,
9915,衛公姬州吁,
9916,衛公姬晉,
9917,衛公姬朔,
9918,衛公姬黔牟,
9919,衛公姬朔,
9920,衛公姬赤,
9921,衛公姬申,
9922,衛公姬燬,
9923,衛公姬鄭,
9924,衛公姬瑕,
9925,衛公姬鄭,
9926,衛公姬遫,
9927,衛公姬臧,
9928,衛公姬衎,
9929,衛公姬秋,
9930,衛公姬衎,
9931,衛公姬惡,
9932,衛公姬元,
9933,衛公姬輒,
9934,衛公姬蒯聵,
9935,衛公姬起,
9936,衛公姬般師,
9937,衛公姬輒,
9938,衛公姬黔,
9939,衛公姬弗,
9940,衛公姬糾,
9941,衛公姬亶,
9942,衛公姬穨,
9943,衛公姬訓,
9944,衛侯姬不逝,
9945,衛侯姬南勁,
9950,鄭公姬友,
9951,鄭公姬掘突,
9952,鄭公姬寤生,
9953,鄭公姬忽,
9954,鄭公姬突,
9955,鄭公姬忽,
9956,鄭公姬子亹,
9957,鄭公姬嬰,
9958,鄭公姬突,
9959,鄭公姬踕,
9960,鄭公姬子蘭,
9961,鄭公姬子夷,
9962,鄭公姬子堅,
9963,鄭公姬沸,
9964,鄭公姬睔,
9965,鄭公姬惲,
9966,鄭公姬嘉,
9967,鄭公姬寧,
9968,鄭公姬躉,
9969,鄭公姬勝,
9970,鄭公姬易,
9971,鄭公姬醜,
9972,鄭公姬已,
9973,鄭公姬駘,
9974,鄭公姬乙,
9975,召公姬奭,
9976,燕侯姬克,
9977,燕侯姬旨,
9978,燕侯姬舞,
9979,燕侯姬憲,
9980,燕侯姬和,
9982,燕侯姬荘,
10003,燕公姬戴,
10005,燕公姬載,
10051,蔡侯姬所事,
10052,蔡侯姬興,
10054,蔡侯姬措父,
10055,蔡侯姬封人,
10056,蔡侯姬獻舞,
10057,蔡侯姬肸,
10058,蔡侯姬甲午,
10059,蔡侯姬申,
10060,蔡侯姬固,
10061,蔡侯姬般,
10062,蔡侯姬廬,
10063,蔡侯姬東國,
10064,蔡侯姬申,
10065,蔡侯姬朔,
10066,蔡侯姬產,
10068,蔡侯姬齊,
10072,曹伯姬侯,
10073,曹伯姬云,
10074,曹伯姬喜,
10075,曹伯姬疆,
10076,曹伯姬蘇,
10077,曹伯姬兕,
10078,曹伯姬石甫,
10079,曹公姬武,
10080,曹公姬終生,
10081,曹公姬射姑,
10082,曹公姬夷,
10083,曹公姬班,
10084,曹公姬襄,
10085,曹公姬壽,
10086,曹公姬彊,
10087,曹公姬負芻,
10088,曹公姬勝,
10089,曹公姬須,
10090,曹公姬午,
10091,曹公姬野,
10092,曹公姬通,
10093,曹公姬露,
10094,曹公姬伯陽,
10095,陳公媯滿,
10096,陳公媯犀侯,
10097,陳公媯皋羊,
10098,陳公媯突,
10099,陳公媯圉戎,
10100,陳公媯寧,
10101,陳公媯孝,
10102,陳公媯靈,
10103,陳公媯說,
10104,陳公媯燮,
10105,陳公媯圉,
10106,陳公媯鮑,
10107,陳公媯佗,
10108,陳公媯躍,
10109,陳公媯林,
10110,陳公媯杵臼,
10111,陳公媯款,
10112,陳公媯朔,
10113,陳公媯平國,
10114,陳君夏征舒,
10115,陳公媯午,
10116,陳公媯弱,
10117,陳公媯留,
10118,陳君熊棄疾,
10119,陳公媯吳,
10120,陳公媯柳,
10121,陳公媯越,
10131,杞公姒姑容,
10132,杞公姒匄,
10133,杞公姒益姑,
10134,杞公姒鬱,
10135,杞公姒成,
10136,杞公姒乞,
10137,杞公姒遂,
10138,杞公姒維,
10139,杞公姒閼路,
10140,杞公姒敕,
10141,杞公姒春,
10153,滕公姬繡,
10155,滕公姬嬰齊,
10156,滕公姬元,
10158,滕公姬原,
10159,滕公姬寧,
10160,滕公姬結,
10161,滕公姬虞毋,
10162,滕公姬麇,
10142,韓侯韓虔,
10143,韓侯韓取,
10144,韓侯韓猷,
10145,韓侯韓屯蒙,
10146,韓侯韓若山,
10147,韓侯韓仁敬,
10148,韓侯韓康,
10165,魏侯魏斯,
10166,魏侯魏擊,
10174,趙侯趙籍,
10176,趙侯趙章,
10177,趙侯趙種,
10178,趙侯趙語,
3722,海昏侯劉賀,
3657,邵陵公曹芳,
3658,高貴鄉公曹髦,
3730,會稽王孫亮,
265,梁王劉和,
3842,秦王劉曜,
3004,秦王李流,
4301,海陽王石弘,
269,義陽王石鑒,
270,新興王石祗,
273,涼公張曜靈,
274,涼公張玄靚,
275,涼公張天錫,
278,武王禿髮烏孤,
279,河西王禿髮利鹿孤,
280,南涼王禿髮傉檀,
4193,建康公段業,
4000,獻武皇帝慕容德,
289,南燕主慕容超,
7320,涼王李暠,
4002,西燕皇帝慕容沖,
3198,仇池王楊定,
3237,仇池王楊盛,
3249,仇池王楊玄,
3838,湘東王劉彧,
3733,蒼梧王劉昱,
3693,鬱林王蕭昭業,
3694,海陵王蕭昭文,
3696,東昏侯蕭寶卷,
7316,豫章王蕭棟,
4358,湘東王蕭繹,
3736,貞陽侯蕭明,
3736,貞陽侯蕭淵明,
314,南安王拓拔余,
314,南安王拓跋余,
314,南安王托跋余,
314,吳王拓拔余,
314,吳王拓跋余,
314,吳王托跋余,
7705,安定王元朗,
4520,長廣王高湛,
6414,范陽王高紹義,
4173,晉王楊廣,
5965,秦王楊浩,
5692,越王楊侗,
10187,武周皇帝武瞾,
15263,吳越王錢鏐,
15264,吳越王錢元瓘,
15265,吳越王錢弘佐,
15382,吳越王錢弘倧,
15383,郢王朱友珪,
1571,西平公張寔,
4256,大鄭皇帝王世充,
4256,大鄭皇帝王充,
16641,後梁帝朱友貞,
15266,吳越王錢弘俶,
9608,東平王勝,
9609,彭城王庸,
9612,北平王辯,
9615,蘭陵王密,
9673,魯公伯禽,
9674,魯公酋,
9675,魯公熙,
9676,魯公宰,
9677,魯公沸,
9678,魯公擢,
9679,魯公具,
9680,魯公濞,
9681,魯公敖,
9682,魯公戲,
9683,魯公伯御,
9684,魯公稱,
9685,魯公弗湟,
9686,魯公息姑,
9687,魯公允,
9688,魯公同,
9689,魯公斑,
9690,魯公啟,
9691,魯公申,
9692,魯公興,
9693,魯公俀,
9694,魯公黑肱,
9695,魯公午,
9696,魯公野,
9697,魯公稠,
9698,魯公宋,
9699,魯公將,
9700,魯公寧,
9701,魯公嘉,
9702,魯公顯,
9703,魯公奮,
9704,魯公屯,
9705,魯公匽,
9706,魯公叔,
9707,魯公賈,
9708,魯公讎,
9709,齊公尚,
9710,齊公伋,
9711,齊公得,
9712,齊公慈母,
9713,齊公不辰,
9714,齊公靜,
9715,齊公山,
9716,齊公壽,
9717,齊公無忌,
9718,齊公赤,
9719,齊公脫,
9720,齊公購,
9721,齊公祿甫,
9722,齊公諸兒,
9723,齊公無知,
9724,齊公小白,
9725,齊公無詭,
9726,齊公昭,
9727,齊公潘,
9728,齊公舍,
9729,齊公商人,
9730,齊公元,
9731,齊公無野,
9732,齊公環,
9733,齊公光,
9734,齊公杵臼,
9735,齊公荼,
9736,齊公陽生,
9737,齊公壬,
9738,齊公驁,
9739,齊公積,
9740,齊公貸,
9741,齊公和,
9742,齊公剡,
9743,齊公午,
9750,晉侯燮,
9751,晉侯寧族,
9752,晉侯服人,
9753,晉侯福,
9754,晉侯宜臼,
9755,晉侯司徒,
9756,晉侯籍,
9757,晉侯費王,
9758,晉侯殤,
9759,晉侯仇,
9760,晉侯伯,
9761,晉侯平,
9762,晉侯卻,
9763,晉侯光,
9764,晉侯小子,
9765,晉侯緡,
9767,曲沃伯鱓,
9768,曲沃公稱,
9769,晉公詭諸,
9770,晉公夷吾,
9771,晉公圉,
9772,晉公重耳,
9773,晉公歡,
9774,晉公夷皋,
9775,晉公黑臀,
9776,晉公據,
9777,晉公壽曼,
9778,晉公周,
9779,晉公彪,
9780,晉公夷,
9781,晉公棄疾,
9782,晉公午,
9783,晉公鑿,
9784,晉公驕,
9785,晉公柳,
9786,晉公止,
9787,晉公頎,
9788,晉公俱酒,
9803,秦公任好,
9804,秦公罃,
9805,秦公稻,
9806,秦公榮,
9807,秦公後,
9812,秦公刺,
9815,秦公肅,
9816,秦公悼子,
9819,秦公師隰,
9821,秦君駰,
9821,秦君駟,
9870,宋公稽,
9871,宋公申,
9872,宋公共,
9873,宋公熙,
9874,宋公鮒祀,
9875,宋公舉,
9876,宋公覵,
9879,宋公司空,
9880,宋公力,
9881,宋公和,
9882,宋公與夷,
9883,宋公馮,
9884,宋公捷,
9885,宋公游,
9886,宋公禦說,
9887,宋公玆甫,
9888,宋公王臣,
9889,宋公禦,
9890,宋公杵臼,
9891,宋公鮑革,
9892,宋公瑕,
9893,宋公成,
9894,宋公佐,
9895,宋公頭曼,
9896,宋公特,
9897,宋公購由,
9898,宋公田,
9899,宋公辟兵,
9900,宋君剔成,
9911,衛伯餘,
9912,衛公和,
9913,衛公揚,
9914,衛公完,
9915,衛公州吁,
9916,衛公晉,
9917,衛公朔,
9918,衛公黔牟,
9919,衛公朔,
9920,衛公赤,
9921,衛公申,
9922,衛公燬,
9923,衛公鄭,
9924,衛公瑕,
9925,衛公鄭,
9926,衛公遫,
9927,衛公臧,
9928,衛公衎,
9929,衛公秋,
9930,衛公衎,
9931,衛公惡,
9932,衛公元,
9933,衛公輒,
9934,衛公蒯聵,
9935,衛公起,
9936,衛公般師,
9937,衛公輒,
9938,衛公黔,
9939,衛公弗,
9940,衛公糾,
9941,衛公亶,
9942,衛公穨,
9943,衛公訓,
9944,衛侯不逝,
9945,衛侯南勁,
9950,鄭公友,
9951,鄭公掘突,
9952,鄭公寤生,
9953,鄭公忽,
9954,鄭公突,
9955,鄭公忽,
9956,鄭公子亹,
9957,鄭公嬰,
9958,鄭公突,
9959,鄭公踕,
9960,鄭公子蘭,
9961,鄭公子夷,
9962,鄭公子堅,
9963,鄭公沸,
9964,鄭公睔,
9965,鄭公惲,
9966,鄭公嘉,
9967,鄭公寧,
9968,鄭公躉,
9969,鄭公勝,
9970,鄭公易,
9971,鄭公醜,
9972,鄭公已,
9973,鄭公駘,
9974,鄭公乙,
9975,召公奭,
9976,燕侯克,
9977,燕侯旨,
9978,燕侯舞,
9979,燕侯憲,
9980,燕侯和,
9982,燕侯荘,
10003,燕公戴,
10005,燕公載,
10051,蔡侯所事,
10052,蔡侯興,
10054,蔡侯措父,
10055,蔡侯封人,
10056,蔡侯獻舞,
10057,蔡侯肸,
10058,蔡侯甲午,
10059,蔡侯申,
10060,蔡侯固,
10061,蔡侯般,
10062,蔡侯廬,
10063,蔡侯東國,
10064,蔡侯申,
10065,蔡侯朔,
10066,蔡侯產,
10068,蔡侯齊,
10072,曹伯侯,
10073,曹伯云,
10074,曹伯喜,
10075,曹伯疆,
10076,曹伯蘇,
10077,曹伯兕,
10078,曹伯石甫,
10079,曹公武,
10080,曹公終生,
10081,曹公射姑,
10082,曹公夷,
10083,曹公班,
10084,曹公襄,
10085,曹公壽,
10086,曹公彊,
10087,曹公負芻,
10088,曹公勝,
10089,曹公須,
10090,曹公午,
10091,曹公野,
10092,曹公通,
10093,曹公露,
10094,曹公伯陽,
10095,陳公滿,
10096,陳公犀侯,
10097,陳公皋羊,
10098,陳公突,
10099,陳公圉戎,
10100,陳公寧,
10101,陳公孝,
10102,陳公靈,
10103,陳公說,
10104,陳公燮,
10105,陳公圉,
10106,陳公鮑,
10107,陳公佗,
10108,陳公躍,
10109,陳公林,
10110,陳公杵臼,
10111,陳公款,
10112,陳公朔,
10113,陳公平國,
10114,陳君征舒,
10115,陳公午,
10116,陳公弱,
10117,陳公留,
10118,陳君棄疾,
10119,陳公吳,
10120,陳公柳,
10121,陳公越,
10131,杞公姑容,
10132,杞公匄,
10133,杞公益姑,
10134,杞公鬱,
10135,杞公成,
10136,杞公乞,
10137,杞公遂,
10138,杞公維,
10139,杞公閼路,
10140,杞公敕,
10141,杞公春,
10153,滕公繡,
10155,滕公嬰齊,
10156,滕公元,
10158,滕公原,
10159,滕公寧,
10160,滕公結,
10161,滕公虞毋,
10162,滕公麇,
10142,韓侯虔,
10143,韓侯取,
10144,韓侯猷,
10145,韓侯屯蒙,
10146,韓侯若山,
10147,韓侯仁敬,
10148,韓侯康,
10165,魏侯斯,
10166,魏侯擊,
10174,趙侯籍,
10176,趙侯章,
10177,趙侯種,
10178,趙侯語,
3722,海昏侯賀,
3657,邵陵公芳,
3658,高貴鄉公髦,
3730,會稽王亮,
265,梁王和,
3842,秦王曜,
3004,秦王流,
4301,海陽王弘,
269,義陽王鑒,
270,新興王祗,
273,涼公曜靈,
274,涼公玄靚,
275,涼公天錫,
278,武王烏孤,
279,河西王利鹿孤,
280,南涼王傉檀,
4193,建康公業,
4000,獻武皇帝德,
289,南燕主超,
7320,涼王暠,
4002,西燕皇帝沖,
3198,仇池王定,
3237,仇池王盛,
3249,仇池王玄,
3838,湘東王彧,
3733,蒼梧王昱,
3693,鬱林王昭業,
3694,海陵王昭文,
3696,東昏侯寶卷,
7316,豫章王棟,
4358,湘東王繹,
3736,貞陽侯明,
3736,貞陽侯淵明,
314,南安王余,
314,吳王余,
7705,安定王朗,
4520,長廣王湛,
6414,范陽王紹義,
4173,晉王廣,
5965,秦王浩,
5692,越王侗,
10187,武周皇帝瞾,
15263,吳越王鏐,
15264,吳越王元瓘,
15265,吳越王弘佐,
15382,吳越王弘倧,
15383,郢王友珪,
1571,西平公寔,
4256,大鄭皇帝世充,
4256,大鄭皇帝充,
16641,後梁帝友貞,
15266,吳越王弘俶,
9609,彭城景思王庸,
9674,魯考公酋,
9675,魯煬公熙,
9676,魯幽公宰,
9677,魯魏公沸,
9678,魯厲公擢,
9679,魯獻公具,
9680,魯真公濞,
9681,魯武公敖,
9682,魯懿公戲,
9684,魯孝公稱,
9685,魯惠公弗湟,
9686,魯隱公息姑,
9687,魯桓公允,
9688,魯莊公同,
9690,魯閔公啟,
9691,魯僖公申,
9692,魯文公興,
9693,魯宣公俀,
9694,魯成公黑肱,
9695,魯襄公午,
9697,魯昭公稠,
9698,魯定公宋,
9699,魯哀公將,
9700,魯悼公寧,
9701,魯元公嘉,
9702,魯穆公顯,
9703,魯共公奮,
9704,魯康公屯,
9705,魯景公匽,
9706,魯平公叔,
9707,魯文公賈,
9708,魯頃公讎,
9709,齊太公尚,
9710,齊丁公伋,
9711,齊乙公得,
9712,齊癸公慈母,
9713,齊哀公不辰,
9714,齊胡公靜,
9715,齊獻公山,
9716,齊武公壽,
9717,齊厲公無忌,
9718,齊文公赤,
9719,齊成公脫,
9720,齊前莊公購,
9721,齊釐公祿甫,
9722,齊襄公諸兒,
9723,齊前廢公無知,
9724,齊桓公小白,
9725,齊中廢公無詭,
9726,齊孝公昭,
9727,齊昭公潘,
9728,齊後廢公舍,
9729,齊懿公商人,
9730,齊惠公元,
9731,齊頃公無野,
9732,齊靈公環,
9733,齊後莊公光,
9734,齊景公杵臼,
9735,齊晏孺公荼,
9736,齊悼公陽生,
9737,齊簡公壬,
9738,齊平公驁,
9739,齊宣公積,
9740,齊康公貸,
9741,齊太公和,
9742,齊廢公剡,
9743,齊桓公午,
9751,晉武侯寧族,
9752,晉成侯服人,
9753,晉厲侯福,
9754,晉靖侯宜臼,
9755,晉釐侯司徒,
9756,晉獻侯籍,
9757,晉穆侯費王,
9759,晉文侯仇,
9760,晉昭侯伯,
9761,晉孝侯平,
9762,晉鄂侯卻,
9763,晉哀侯光,
9764,晉小子侯小子,
9767,曲沃莊伯鱓,
9768,曲沃武公稱,
9769,晉獻公詭諸,
9770,晉惠公夷吾,
9771,晉懷公圉,
9772,晉文公重耳,
9773,晉襄公歡,
9774,晉靈公夷皋,
9775,晉成公黑臀,
9776,晉景公據,
9777,晉厲公壽曼,
9778,晉悼公周,
9779,晉平公彪,
9780,晉昭公夷,
9781,晉頃公棄疾,
9782,晉定公午,
9783,晉出公鑿,
9784,晉哀公驕,
9785,晉幽公柳,
9786,晉烈公止,
9787,晉孝公頎,
9788,晉靜公俱酒,
9803,秦穆公任好,
9804,秦康公罃,
9805,秦共公稻,
9806,秦桓公榮,
9807,秦景公後,
9812,秦厲共公刺,
9815,秦靈公肅,
9816,秦簡公悼子,
9819,秦獻公師隰,
9821,秦惠文君駰,
9821,秦惠文君駟,
9871,宋丁公申,
9872,宋湣公共,
9873,宋煬公熙,
9874,宋厲公鮒祀,
9875,宋釐公舉,
9876,宋惠公覵,
9879,宋武公司空,
9880,宋宣公力,
9881,宋穆公和,
9882,宋殤公與夷,
9883,宋莊公馮,
9884,宋湣公捷,
9885,宋廢公游,
9886,宋桓公禦說,
9887,宋襄公玆甫,
9888,宋成公王臣,
9889,宋廢公禦,
9890,宋昭公杵臼,
9891,宋文公鮑革,
9892,宋共公瑕,
9893,宋平公成,
9894,宋元公佐,
9895,宋景公頭曼,
9896,宋昭公特,
9897,宋悼公購由,
9898,宋休公田,
9899,宋桓公辟兵,
9900,宋剔成君剔成,
9911,衛共伯餘,
9912,衛武公和,
9913,衛莊公揚,
9914,衛桓公完,
9915,衛廢公州吁,
9916,衛宣公晉,
9917,衛惠公朔,
9918,衛廢公黔牟,
9919,衛惠公朔,
9920,衛懿公赤,
9921,衛戴公申,
9922,衛文公燬,
9923,衛成公鄭,
9924,衛廢公瑕,
9925,衛成公鄭,
9926,衛穆公遫,
9927,衛定公臧,
9928,衛獻公衎,
9929,衛殤公秋,
9930,衛獻公衎,
9931,衛襄公惡,
9932,衛靈公元,
9933,衛出公輒,
9934,衛莊公蒯聵,
9935,衛廢公起,
9936,衛廢公般師,
9937,衛出公輒,
9938,衛悼公黔,
9939,衛敬公弗,
9940,衛昭公糾,
9941,衛懷公亶,
9942,衛慎公穨,
9943,衛聲公訓,
9944,衛成侯不逝,
9945,衛平侯南勁,
9950,鄭桓公友,
9951,鄭武公掘突,
9952,鄭莊公寤生,
9953,鄭昭公忽,
9954,鄭厲公突,
9955,鄭昭公忽,
9958,鄭厲公突,
9959,鄭文公踕,
9960,鄭穆公子蘭,
9961,鄭靈公子夷,
9962,鄭襄公子堅,
9963,鄭悼公沸,
9964,鄭成公睔,
9965,鄭釐公惲,
9966,鄭簡公嘉,
9967,鄭定公寧,
9968,鄭獻公躉,
9969,鄭聲公勝,
9970,鄭哀公易,
9971,鄭共公醜,
9972,鄭幽公已,
9973,鄭繻公駘,
9974,鄭康公乙,
9975,召康公奭,
9982,燕釐侯荘,
10003,燕成公戴,
10005,燕簡公載,
10051,蔡釐侯所事,
10052,蔡共侯興,
10054,蔡宣侯措父,
10055,蔡桓侯封人,
10056,蔡哀侯獻舞,
10057,蔡穆侯肸,
10058,蔡莊侯甲午,
10059,蔡文侯申,
10060,蔡景侯固,
10061,蔡靈侯般,
10062,蔡平侯廬,
10063,蔡悼侯東國,
10064,蔡昭侯申,
10065,蔡成侯朔,
10066,蔡聲侯產,
10072,曹宮伯侯,
10073,曹孝伯云,
10074,曹夷伯喜,
10075,曹幽伯疆,
10076,曹戴伯蘇,
10077,曹惠伯兕,
10078,曹廢伯石甫,
10079,曹穆公武,
10080,曹桓公終生,
10081,曹莊公射姑,
10082,曹釐公夷,
10083,曹昭公班,
10084,曹共公襄,
10085,曹文公壽,
10086,曹宣公彊,
10087,曹成公負芻,
10088,曹武公勝,
10089,曹平公須,
10090,曹悼公午,
10091,曹聲公野,
10092,曹隱公通,
10093,曹靖公露,
10094,曹廢公伯陽,
10095,陳胡公滿,
10096,陳申公犀侯,
10097,陳相公皋羊,
10098,陳孝公突,
10099,陳慎公圉戎,
10100,陳幽公寧,
10101,陳釐公孝,
10102,陳武公靈,
10103,陳夷公說,
10104,陳平公燮,
10105,陳文公圉,
10106,陳桓公鮑,
10107,陳廢公佗,
10108,陳厲公躍,
10109,陳莊公林,
10110,陳宣公杵臼,
10111,陳穆公款,
10112,陳共公朔,
10113,陳靈公平國,
10115,陳成公午,
10116,陳哀公弱,
10117,陳君公留,
10119,陳惠公吳,
10120,陳懷公柳,
10121,陳湣公越,
10131,杞桓公姑容,
10132,杞孝公匄,
10133,杞文公益姑,
10134,杞平公鬱,
10135,杞悼公成,
10136,杞隱公乞,
10137,杞釐公遂,
10138,杞湣公維,
10139,杞哀公閼路,
10140,杞出公敕,
10141,杞簡公春,
10155,滕宣公嬰齊,
10156,滕昭公元,
10158,滕成公原,
10159,滕悼公寧,
10160,滕頃公結,
10161,滕隱公虞毋,
10162,滕考公麇,
10142,韓景侯虔,
10143,韓烈侯取,
10144,韓文侯猷,
10145,韓哀侯屯蒙,
10146,韓共侯若山,
10147,韓昭釐侯仁敬,
10147,韓昭僖侯仁敬,
10148,韓威侯康,
10165,魏文侯斯,
10166,魏武侯擊,
10174,趙烈侯籍,
10176,趙敬侯章,
10177,趙成侯種,
10178,趙肅侯語,
3657,邵陵厲公芳,
3004,秦文王流,
273,涼哀公公曜靈,
274,涼敬悼公玄靚,
275,涼悼公天錫,
278,武威武王烏孤,
279,河西康王利鹿孤,
280,南涼景王傉檀,
289,南燕末主超,
4002,西燕威皇帝沖,
3198,仇池武王定,
3237,仇池惠文王盛,
3249,仇池孝昭王玄,
10187,武周聖神皇帝瞾,
15263,吳越武肅王鏐,
15264,吳越文穆王元瓘,
15265,吳越忠獻王弘佐,
15382,吳越忠獻王弘倧,
1571,西平明公寔,
16641,後梁末帝友貞,
15266,吳越忠懿王弘俶,
16648,遼感天后,
16650,遼承天后,
3630,漢惠帝,
3631,漢文帝,
3632,漢景帝,
3839,漢武帝,
3633,漢昭帝,
3634,漢宣帝,
3708,漢元帝,
3723,漢成帝,
3724,漢哀帝,
3725,漢平帝,
3854,漢明帝,
3644,漢章帝,
3645,漢和帝,
3646,漢安帝,
3647,漢順帝,
3652,漢沖帝,
3653,漢質帝,
3654,漢桓帝,
3837,漢靈帝,
3656,漢獻帝,
4356,梁文帝,
4358,梁元帝,
316,魏獻帝,
3740,魏莊帝,
3682,周閔帝,
3917,周宣帝,
9609,彭城景思王,True
9674,魯考公,True
9675,魯煬公,True
9676,魯幽公,True
9677,魯魏公,True
9678,魯厲公,True
9679,魯獻公,True
9680,魯真公,True
9681,魯武公,True
9682,魯懿公,True
9684,魯孝公,True
9685,魯惠公,True
9686,魯隱公,True
9687,魯桓公,True
9688,魯莊公,True
9690,魯閔公,True
9691,魯僖公,True
9692,魯文公,True
9693,魯宣公,True
9694,魯成公,True
9695,魯襄公,True
9697,魯昭公,True
9698,魯定公,True
9699,魯哀公,True
9700,魯悼公,True
9701,魯元公,True
9702,魯穆公,True
9703,魯共公,True
9704,魯康公,True
9705,魯景公,True
9706,魯平公,True
9707,魯文公,True
9708,魯頃公,True
9709,齊太公,True
9710,齊丁公,True
9711,齊乙公,True
9712,齊癸公,True
9713,齊哀公,True
9714,齊胡公,True
9715,齊獻公,True
9716,齊武公,True
9717,齊厲公,True
9718,齊文公,True
9719,齊成公,True
9720,齊前莊公,True
9721,齊釐公,True
9722,齊襄公,True
9723,齊前廢公,True
9724,齊桓公,True
9725,齊中廢公,True
9726,齊孝公,True
9727,齊昭公,True
9728,齊後廢公,True
9729,齊懿公,True
9730,齊惠公,True
9731,齊頃公,True
9732,齊靈公,True
9733,齊後莊公,True
9734,齊景公,True
9735,齊晏孺公,True
9736,齊悼公,True
9737,齊簡公,True
9738,齊平公,True
9739,齊宣公,True
9740,齊康公,True
9741,齊太公,True
9742,齊廢公,True
9743,齊桓公,True
9751,晉武侯,True
9752,晉成侯,True
9753,晉厲侯,True
9754,晉靖侯,True
9755,晉釐侯,True
9756,晉獻侯,True
9757,晉穆侯,True
9759,晉文侯,True
9760,晉昭侯,True
9761,晉孝侯,True
9762,晉鄂侯,True
9763,晉哀侯,True
9764,晉小子侯,True
9767,曲沃莊伯,True
9768,曲沃武公,True
9769,晉獻公,True
9770,晉惠公,True
9771,晉懷公,True
9772,晉文公,True
9773,晉襄公,True
9774,晉靈公,True
9775,晉成公,True
9776,晉景公,True
9777,晉厲公,True
9778,晉悼公,True
9779,晉平公,True
9780,晉昭公,True
9781,晉頃公,True
9782,晉定公,True
9783,晉出公,True
9784,晉哀公,True
9785,晉幽公,True
9786,晉烈公,True
9787,晉孝公,True
9788,晉靜公,True
9793,秦莊公,True
9794,秦襄公,True
9795,秦文公,True
9796,秦靜公,True
9797,秦寧公,True
9799,秦武公,True
9800,秦德公,True
9801,秦宣公,True
9802,秦成公,True
9803,秦穆公,True
9804,秦康公,True
9805,秦共公,True
9806,秦桓公,True
9807,秦景公,True
9808,秦哀公,True
9809,秦夷公,True
9810,秦惠公,True
9811,秦悼公,True
9812,秦厲共公,True
9813,秦躁公,True
9814,秦懷公,True
9815,秦靈公,True
9816,秦簡公,True
9817,秦惠公,True
9819,秦獻公,True
9820,秦孝公,True
9821,秦惠文君,True
9871,宋丁公,True
9872,宋湣公,True
9873,宋煬公,True
9874,宋厲公,True
9875,宋釐公,True
9876,宋惠公,True
9877,宋哀公,True
9878,宋戴公,True
9879,宋武公,True
9880,宋宣公,True
9881,宋穆公,True
9882,宋殤公,True
9883,宋莊公,True
9884,宋湣公,True
9885,宋廢公,True
9886,宋桓公,True
9887,宋襄公,True
9888,宋成公,True
9889,宋廢公,True
9890,宋昭公,True
9891,宋文公,True
9892,宋共公,True
9893,宋平公,True
9894,宋元公,True
9895,宋景公,True
9896,宋昭公,True
9897,宋悼公,True
9898,宋休公,True
9899,宋桓公,True
9900,宋剔成君,True
9903,衛康伯,True
9904,衛考伯,True
9905,衛嗣伯,True
9906,衛疌伯,True
9907,衛靖伯,True
9908,衛貞伯,True
9909,衛頃侯,True
9910,衛釐侯,True
9911,衛共伯,True
9912,衛武公,True
9913,衛莊公,True
9914,衛桓公,True
9915,衛廢公,True
9916,衛宣公,True
9917,衛惠公,True
9918,衛廢公,True
9919,衛惠公,True
9920,衛懿公,True
9921,衛戴公,True
9922,衛文公,True
9923,衛成公,True
9924,衛廢公,True
9925,衛成公,True
9926,衛穆公,True
9927,衛定公,True
9928,衛獻公,True
9929,衛殤公,True
9930,衛獻公,True
9931,衛襄公,True
9932,衛靈公,True
9933,衛出公,True
9934,衛莊公,True
9935,衛廢公,True
9936,衛廢公,True
9937,衛出公,True
9938,衛悼公,True
9939,衛敬公,True
9940,衛昭公,True
9941,衛懷公,True
9942,衛慎公,True
9943,衛聲公,True
9944,衛成侯,True
9945,衛平侯,True
9950,鄭桓公,True
9951,鄭武公,True
9952,鄭莊公,True
9953,鄭昭公,True
9954,鄭厲公,True
9955,鄭昭公,True
9958,鄭厲公,True
9959,鄭文公,True
9960,鄭穆公,True
9961,鄭靈公,True
9962,鄭襄公,True
9963,鄭悼公,True
9964,鄭成公,True
9965,鄭釐公,True
9966,鄭簡公,True
9967,鄭定公,True
9968,鄭獻公,True
9969,鄭聲公,True
9970,鄭哀公,True
9971,鄭共公,True
9972,鄭幽公,True
9973,鄭繻公,True
9974,鄭康公,True
9975,召康公,True
9981,燕惠侯,True
9982,燕釐侯,True
9983,燕頃侯,True
9984,燕哀侯,True
9985,燕鄭侯,True
9986,燕穆侯,True
9987,燕宣侯,True
9988,燕桓侯,True
9989,燕莊公,True
9990,燕襄公,True
9991,燕桓公,True
9992,燕宣公,True
9993,燕昭公,True
9994,燕武公,True
9995,燕文公,True
9996,燕懿公,True
9997,燕惠公,True
9998,燕悼公,True
9999,燕共公,True
10000,燕平公,True
10001,燕簡公,True
10002,燕孝公,True
10003,燕成公,True
10004,燕閔公,True
10005,燕簡公,True
10006,燕桓公,True
10007,燕文公,True
10047,蔡宮侯,True
10048,蔡厲侯,True
10049,蔡武侯,True
10050,蔡夷侯,True
10051,蔡釐侯,True
10052,蔡共侯,True
10053,蔡戴侯,True
10054,蔡宣侯,True
10055,蔡桓侯,True
10056,蔡哀侯,True
10057,蔡穆侯,True
10058,蔡莊侯,True
10059,蔡文侯,True
10060,蔡景侯,True
10061,蔡靈侯,True
10062,蔡平侯,True
10063,蔡悼侯,True
10064,蔡昭侯,True
10065,蔡成侯,True
10066,蔡聲侯,True
10067,蔡元侯,True
10072,曹宮伯,True
10073,曹孝伯,True
10074,曹夷伯,True
10075,曹幽伯,True
10076,曹戴伯,True
10077,曹惠伯,True
10078,曹廢伯,True
10079,曹穆公,True
10080,曹桓公,True
10081,曹莊公,True
10082,曹釐公,True
10083,曹昭公,True
10084,曹共公,True
10085,曹文公,True
10086,曹宣公,True
10087,曹成公,True
10088,曹武公,True
10089,曹平公,True
10090,曹悼公,True
10091,曹聲公,True
10092,曹隱公,True
10093,曹靖公,True
10094,曹廢公,True
10095,陳胡公,True
10096,陳申公,True
10097,陳相公,True
10098,陳孝公,True
10099,陳慎公,True
10100,陳幽公,True
10101,陳釐公,True
10102,陳武公,True
10103,陳夷公,True
10104,陳平公,True
10105,陳文公,True
10106,陳桓公,True
10107,陳廢公,True
10108,陳厲公,True
10109,陳莊公,True
10110,陳宣公,True
10111,陳穆公,True
10112,陳共公,True
10113,陳靈公,True
10115,陳成公,True
10116,陳哀公,True
10117,陳君公,True
10119,陳惠公,True
10120,陳懷公,True
10121,陳湣公,True
10126,杞武公,True
10127,杞靖公,True
10128,杞共公,True
10129,杞德公,True
10130,杞成公,True
10131,杞桓公,True
10132,杞孝公,True
10133,杞文公,True
10134,杞平公,True
10135,杞悼公,True
10136,杞隱公,True
10137,杞釐公,True
10138,杞湣公,True
10139,杞哀公,True
10140,杞出公,True
10141,杞簡公,True
10155,滕宣公,True
10156,滕昭公,True
10157,滕文公,True
10158,滕成公,True
10159,滕悼公,True
10160,滕頃公,True
10161,滕隱公,True
10162,滕考公,True
10163,滕定公,True
10164,滕文公,True
10142,韓景侯,True
10143,韓烈侯,True
10144,韓文侯,True
10145,韓哀侯,True
10146,韓共侯,True
10147,韓昭釐侯,True
10147,韓昭僖侯,True
10148,韓威侯,True
10165,魏文侯,True
10166,魏武侯,True
10174,趙烈侯,True
10175,趙武侯,True
10176,趙敬侯,True
10177,趙成侯,True
10178,趙肅侯,True
3657,邵陵厲公,True
3004,秦文王,True
273,涼哀公公,True
274,涼敬悼公,True
275,涼悼公,True
278,武威武王,True
279,河西康王,True
280,南涼景王,True
289,南燕末主,True
4002,西燕威皇帝,True
3198,仇池武王,True
3237,仇池惠文王,True
3249,仇池孝昭王,True
3028,武興安王,True
10187,武周聖神皇帝,True
15263,吳越武肅王,True
15264,吳越文穆王,True
15265,吳越忠獻王,True
15382,吳越忠獻王,True
16334,日本孝徳天皇,True
16338,日本天武天皇,True
16340,日本文武天皇,True
16341,日本元明天皇,True
16342,日本元正天皇,True
16343,日本聖武天皇,True
16344,日本孝謙天皇,True
16346,日本光仁天皇,True
16347,日本桓武天皇,True
16348,日本平城天皇,True
16349,日本嵯峨天皇,True
16350,日本淳和天皇,True
16351,日本仁明天皇,True
16352,日本文徳天皇,True
16353,日本清和天皇,True
16354,日本陽成天皇,True
16355,日本光孝天皇,True
16356,日本宇多天皇,True
16357,日本醍醐天皇,True
16358,日本朱雀天皇,True
16359,日本村上天皇,True
16360,日本冷泉天皇,True
16361,日本円融天皇,True
16362,日本花山天皇,True
16363,日本一条天皇,True
16364,日本三条天皇,True
16365,日本後一条天皇,True
16366,日本後朱雀天皇,True
16367,日本後冷泉天皇,True
16368,日本後三条天皇,True
16369,日本白河天皇,True
16370,日本堀河天皇,True
16371,日本鳥羽天皇,True
16372,日本崇徳天皇,True
16373,日本近衛天皇,True
16374,日本後白河天皇,True
16375,日本二条天皇,True
16376,日本六条天皇,True
16377,日本高倉天皇,True
16378,日本安徳天皇,True
16379,日本後鳥羽天皇,True
16380,日本土御門天皇,True
16381,日本順徳天皇,True
16383,日本後堀河天皇,True
16384,日本四条天皇,True
16385,日本後嵯峨天皇,True
16386,日本後深草天皇,True
16387,日本亀山天皇,True
16388,日本後宇多天皇,True
16389,日本伏見天皇,True
16390,日本後伏見天皇,True
16391,日本後二条天皇,True
16392,日本花園天皇,True
16393,日本後醍醐天皇,True
16394,日本後村上天皇,True
16395,日本長慶天皇,True
16396,日本後亀山天皇,True
16397,日本光厳天皇,True
16398,日本光明天皇,True
16399,日本崇光天皇,True
16400,日本後光厳天皇,True
16401,日本後円融天皇,True
16402,日本後小松天皇,True
16403,日本称光天皇,True
16404,日本後花園天皇,True
16405,日本後土御門天皇,True
16406,日本後柏原天皇,True
16407,日本後奈良天皇,True
16408,日本正親町天皇,True
16409,日本後陽成天皇,True
16410,日本後水尾天皇,True
16412,日本後光明天皇,True
16413,日本後西天皇,True
16414,日本霊元天皇,True
16416,日本中御門天皇,True
16417,日本桜町天皇,True
16418,日本桃園天皇,True
16419,日本後桜町天皇,True
16420,日本後桃園天皇,True
16421,日本光格天皇,True
16422,日本仁孝天皇,True
16423,日本孝明天皇,True
16424,日本明治天皇,True
16425,日本大正天皇,True
16426,日本昭和天皇,True
16510,新羅法興王,True
16511,新羅眞興王,True
16512,新羅眞智王,True
16513,新羅眞平王,True
16514,新羅善德王,True
16515,新羅眞德王,True
16516,新羅武烈王,True
16517,新羅文武王,True
16518,新羅神文王,True
16519,新羅孝昭王,True
16520,新羅聖德王,True
16521,新羅孝成王,True
16522,新羅景德王,True
16523,新羅惠恭王,True
16524,新羅宣德王,True
16525,新羅元聖王,True
16526,新羅昭聖王,True
16527,新羅哀莊王,True
16528,新羅憲德王,True
16529,新羅興德王,True
16530,新羅僖康王,True
16531,新羅閔哀王,True
16532,新羅神武王,True
16533,新羅文聖王,True
16534,新羅憲安王,True
16535,新羅景文王,True
16536,新羅憲康王,True
16537,新羅定康王,True
16538,新羅眞聖王,True
16539,新羅孝恭王,True
16540,新羅神德王,True
16541,新羅景明王,True
16542,新羅景哀王,True
16543,新羅敬順王,True
16594,高麗忠烈王,True
16595,高麗忠宣王,True
16596,高麗忠肅王,True
16597,高麗忠惠王,True
16598,高麗忠穆王,True
16599,高麗忠定王,True
16600,高麗恭愍王,True
16601,高麗前廢王,True
16602,高麗後廢王,True
16603,高麗恭讓王,True
16618,朝鮮燕山君,True
16623,朝鮮光海君,True
1571,西平明公,True
16641,後梁末帝,True
15266,吳越忠懿王,True
16640,太子旉,True
16640,皇太子旉,True
3629,高祖,True
3631,太宗,True
3839,世宗,True
3634,中宗,True
3708,高宗,True
3723,統宗,True
3725,元宗,True
3643,世祖,True
3854,顯宗,True
3644,肅宗,True
3645,穆宗,True
3646,恭宗,True
3647,敬宗,True
3654,威宗,True
4113,高祖,True
263,烈祖,True
3641,世祖,True
3874,肅祖,True
3635,太祖,True
3998,烈宗,True
7866,高祖,True
4326,世祖,True
3680,太宗,True
3703,世祖,True
3672,烈宗,True
3673,中宗,True
4362,太祖,True
3901,高祖,True
7342,太祖,True
291,太祖,True
3856,高祖,True
3853,太祖,True
3860,世祖,True
3838,太宗,True
7605,太祖,True
4361,世祖,True
3695,高宗,True
3861,高祖,True
4358,世祖,True
4486,高祖,True
4485,世祖,True
4487,高宗,True
311,太祖,True
312,太宗,True
4051,世祖,True
315,高宗,True
316,顯祖,True
3819,高祖,True
3821,世宗,True
3825,肅宗,True
4519,顯祖,True
3914,世宗,True
3918,高祖,True
4171,高祖,True
4134,高祖,True
4115,太宗,True
4132,高宗,True
3700,中宗,True
4128,睿宗,True
4151,玄宗,True
4117,肅宗,True
4144,代宗,True
4147,德宗,True
4143,順宗,True
4140,憲宗,True
4126,穆宗,True
4135,敬宗,True
4129,文宗,True
3638,武宗,True
4125,懿宗,True
4136,懿宗,True
3721,僖宗,True
4130,昭宗,True
4131,景宗,True
15283,高祖,True
15256,太祖,True
15257,烈宗,True
15258,高祖,True
15263,太祖,True
15264,世宗,True
15265,成宗,True
15243,太祖,True
15273,高祖,True
15274,殤帝,True
15275,中宗,True
15245,莊宗,True
15246,明宗,True
15249,高祖,True
15287,高祖,True
15285,高祖,True
15267,太祖,True
15268,惠宗,True
15269,太宗,True
15270,康宗,True
15271,景宗,True
15260,烈祖,True
15261,元宗,True
15296,太祖,True
15297,太宗,True
15298,世宗,True
15299,穆宗,True
15300,景宗,True
15301,聖宗,True
15302,興宗,True
15303,道宗,True
15251,高祖,True
15253,太祖,True
15254,世宗,True
15292,世祖,True
15293,睿宗,True
15305,太祖,True
15306,太宗,True
15308,仁宗,True
15309,英宗,True
15310,神宗,True
15311,哲宗,True
15312,徽宗,True
15314,高宗,True
15315,孝宗,True
15316,光宗,True
15317,寧宗,True
15318,理宗,True
15319,度宗,True
15323,景宗,True
15324,毅宗,True
15325,惠宗,True
15326,崇宗,True
15327,仁宗,True
15328,桓宗,True
15330,神宗,True
15333,太祖,True
15334,太宗,True
15335,熙宗,True
15337,世宗,True
15338,章宗,True
15340,宣宗,True
15341,哀宗,True
15343,世祖,True
15345,武宗,True
15346,仁宗,True
15347,英宗,True
15348,泰定,True
15350,文宗,True
15351,明宗,True
15352,寧宗,True
15354,太祖,True
15355,惠帝,True
15356,成祖,True
15357,仁宗,True
15358,宣宗,True
15360,代宗,True
15359,英宗,True
15361,憲宗,True
15362,孝宗,True
15363,武宗,True
15364,世宗,True
15365,穆宗,True
15366,神宗,True
15367,光宗,True
15368,熹宗,True
15369,思宗,True
15370,太祖,True
15371,太宗,True
15372,世祖,True
15373,聖祖,True
15374,世宗,True
15375,高宗,True
15376,仁宗,True
15377,宣宗,True
15378,文宗,True
15379,穆宗,True
15380,德宗,True
16516,太宗,True
16567,太祖,True
16568,惠宗,True
16569,定宗,True
16570,光宗,True
16571,景宗,True
16573,成宗,True
16574,穆宗,True
16576,顯宗,True
16577,德宗,True
16578,靖宗,True
16579,文宗,True
16580,順宗,True
16581,宣宗,True
16582,獻宗,True
16583,肅宗,True
16584,睿宗,True
16585,仁宗,True
16586,元宗,True
16587,明宗,True
16588,神宗,True
16589,熙宗,True
16590,康宗,True
16591,高宗,True
16593,元宗,True
16608,太祖,True
16609,定宗,True
16610,太宗,True
16611,世宗,True
16612,文宗,True
16613,端宗,True
16614,世祖,True
16615,睿宗,True
16619,中宗,True
16620,仁宗,True
16621,明宗,True
16622,宣宗,True
16625,仁祖,True
16626,孝宗,True
16627,顯宗,True
16628,肅宗,True
16629,景宗,True
16630,英宗,True
16633,正宗,True
16634,純祖,True
16636,憲宗,True
16637,哲宗,True
16638,高宗,True
16639,純宗,True
15307,真宗,True
16647,德宗,True
16649,仁宗,True
15344,成宗,True
16645,昭宗,True
16642,安宗,True
16643,紹宗,True
16644,昭宗,True
16616,德宗,True
3629,高祖高皇帝,True
3631,太宗孝文皇帝,True
3839,世宗孝武皇帝,True
3634,中宗孝宣皇帝,True
3708,高宗孝元皇帝,True
3723,統宗孝成皇帝,True
3725,元宗孝平皇帝,True
3643,世祖光武皇帝,True
3854,顯宗孝明皇帝,True
3644,肅宗孝章皇帝,True
3645,穆宗孝和皇帝,True
3646,恭宗孝安皇帝,True
3647,敬宗孝順皇帝,True
3654,威宗孝桓皇帝,True
4113,高祖文皇帝,True
263,烈祖明皇帝,True
3641,世祖武皇帝,True
3874,肅祖明皇帝,True
3635,太祖文明皇帝,True
3998,烈宗景昭皇帝,True
7866,高祖景明皇帝,True
4326,世祖宣昭皇帝,True
3680,太宗高皇帝,True
3703,世祖成武皇帝,True
3672,烈宗惠愍皇帝,True
3673,中宗昭武皇帝,True
4362,太祖武昭皇帝,True
3901,高祖文桓皇帝,True
7342,太祖武宣皇王,True
291,太祖文成皇帝,True
3856,高祖武皇帝,True
3853,太祖文皇帝,True
3860,世祖孝武皇帝,True
3838,太宗明皇帝,True
7605,太祖高皇帝,True
4361,世祖武皇帝,True
3695,高宗明皇帝,True
3861,高祖武皇帝,True
4358,世祖孝元皇帝,True
4486,高祖武皇帝,True
4485,世祖文皇帝,True
4487,高宗孝宣皇帝,True
311,太祖道武皇帝,True
312,太宗明元皇帝,True
4051,世祖太武皇帝,True
315,高宗文成皇帝,True
316,顯祖獻文皇帝,True
3819,高祖孝文皇帝,True
3821,世宗宣武皇帝,True
3825,肅宗孝明皇帝,True
4519,顯祖文宣皇帝,True
3914,世宗明皇帝,True
3918,高祖武皇帝,True
4171,高祖文皇帝,True
15283,高祖神武聖文皇帝,True
15256,太祖武忠景皇王,True
15257,烈宗景皇帝,True
15258,高祖高皇帝,True
15263,太祖武肅皇王,True
15264,世宗文穆皇王,True
15265,成宗忠獻皇王,True
15243,太祖神武元聖孝皇帝,True
15273,高祖天皇大帝皇帝,True
15245,莊宗光聖神閔孝皇帝,True
15246,明宗聖德和武欽孝皇帝,True
15249,高祖聖文章武明德皇帝,True
15287,高祖武信皇王,True
15285,高祖武成英烈昭肅皇帝,True
15267,太祖忠潔皇王,True
15260,烈祖光文肅武孝高皇帝,True
15261,元宗明道崇德文宣皇帝,True
15296,太祖大聖大明神烈皇帝,True
15297,太宗孝武惠文皇帝,True
15298,世宗孝和莊憲皇帝,True
15299,穆宗孝安敬正皇帝,True
15300,景宗孝成康靖皇帝,True
15301,聖宗文武大聖廣孝皇帝,True
15302,興宗神聖孝章皇帝,True
15303,道宗仁聖大孝皇帝,True
15251,高祖睿文聖武昭肅皇帝,True
15253,太祖聖神恭肅文武皇帝,True
15254,世宗睿武孝文皇帝,True
15292,世祖神武皇帝,True
15293,睿宗孝和皇帝,True
15305,太祖啓運立極英武皇帝,True
15306,太宗至仁應道神功皇帝,True
15308,仁宗體天法道極功皇帝,True
15309,英宗體乾應曆隆功皇帝,True
15310,神宗紹天法古運德皇帝,True
15311,哲宗憲天敦化寧文皇帝,True
15312,徽宗體神合道開德皇帝,True
15314,高宗受命中興全功皇帝,True
15315,孝宗紹統同道冠德皇帝,True
15316,光宗循道憲仁明功皇帝,True
15317,寧宗法天備道純德皇帝,True
15318,理宗建道備德大功皇帝,True
15319,度宗端文明武景孝皇帝,True
15323,景宗武烈皇帝,True
15324,毅宗昭英皇帝,True
15325,惠宗康靖皇帝,True
15326,崇宗聖文皇帝,True
15327,仁宗聖宗皇帝,True
15328,桓宗昭簡皇帝,True
15330,神宗英文皇帝,True
15333,太祖武元皇帝,True
15334,太宗文烈皇帝,True
15335,熙宗德宗皇帝,True
15337,世宗仁皇帝,True
15338,章宗憲皇帝,True
15340,宣宗哀皇帝,True
15343,世祖聖德神功文武皇帝,True
15345,武宗仁惠宣孝皇帝,True
15346,仁宗聖文欽孝皇帝,True
15347,英宗睿聖文孝皇帝,True
15350,文宗翼獻莊和皇帝,True
15351,明宗光聖仁孝皇帝,True
15354,太祖開天行道肇紀皇帝,True
15356,成祖啓天弘道高明皇帝,True
15357,仁宗敬天體道純誠皇帝,True
15358,宣宗憲天崇道英明皇帝,True
15360,代宗恭仁康定景皇帝,True
15359,英宗法天立道仁明皇帝,True
15361,憲宗繼天凝道顯中皇帝,True
15362,孝宗達天明道純誠皇帝,True
15363,武宗承天達道英肅皇帝,True
15364,世宗欽天履道英毅皇帝,True
15365,穆宗契天隆道淵懿皇帝,True
15366,神宗範天合道哲肅皇帝,True
15367,光宗崇天契道英睿皇帝,True
15368,熹宗達天闡道敦孝皇帝,True
15369,思宗紹天繹道剛明皇帝,True
15370,太祖承天廣運聖德皇帝,True
15371,太宗應天興國弘德皇帝,True
15372,世祖體天隆運定統皇帝,True
15373,聖祖合天弘運文武皇帝,True
15374,世宗敬天昌運建中皇帝,True
15375,高宗法天隆運至誠皇帝,True
15376,仁宗受天興運敷化皇帝,True
15377,宣宗效天符運立中皇帝,True
15378,文宗協天翊運執中皇帝,True
15379,穆宗繼天開運受中皇帝,True
15380,德宗同天崇運大中皇帝,True
16516,太宗武烈皇王,True
15307,真宗應符稽古成功皇帝,True
15344,成宗欽明廣孝皇帝,True
9866,義帝,True
3629,高帝,True
3630,孝惠帝,True
2933,少帝,True
2946,少帝,True
3631,孝文帝,True
3632,孝景帝,True
3839,孝武帝,True
3633,孝昭帝,True
3634,孝宣帝,True
3708,孝元帝,True
3723,孝成帝,True
3724,孝哀帝,True
3725,孝平帝,True
262,更始帝,True
3643,光武帝,True
3854,孝明帝,True
3644,孝章帝,True
3645,孝和帝,True
2999,殤帝,True
3646,孝安帝,True
3728,少帝,True
3647,孝順帝,True
3652,孝沖帝,True
3653,孝質帝,True
3654,孝桓帝,True
3837,孝靈帝,True
3655,少帝,True
3656,孝獻帝,True
4113,文帝,True
263,明帝,True
3659,元帝,True
3710,昭烈帝,True
3729,孝懷帝,True
3730,少帝,True
3730,廢帝,True
3731,景帝,True
3641,武帝,True
3877,惠帝,True
3662,懷帝,True
3663,愍帝,True
3873,元帝,True
3874,明帝,True
3876,成帝,True
3664,康帝,True
3875,穆帝,True
3866,哀帝,True
3665,廢帝,True
3871,簡文帝,True
3872,武帝,True
3872,孝武帝,True
3666,安帝,True
3667,恭帝,True
264,光文帝,True
266,昭武帝,True
267,隱帝,True
3001,景帝,True
3009,武帝,True
3040,昭文帝,True
3635,文明帝,True
3998,景昭帝,True
4001,幽帝,True
7866,景明帝,True
4326,宣昭帝,True
3679,哀平帝,True
3680,高帝,True
3703,成武帝,True
3672,惠愍帝,True
3673,昭武帝,True
288,昭文帝,True
4362,武昭帝,True
3901,文桓帝,True
290,惠懿帝,True
291,文成帝,True
292,昭成帝,True
3856,武帝,True
3732,少帝,True
3853,文帝,True
3860,孝武帝,True
3833,前廢帝,True
3838,明帝,True
3733,後廢帝,True
3734,順帝,True
7605,高帝,True
4361,武帝,True
3695,明帝,True
3697,和帝,True
3861,武帝,True
4356,簡文帝,True
4358,孝元帝,True
3737,敬帝,True
7153,宣帝,True
7175,孝明帝,True
7175,明帝,True
7178,孝靖帝,True
7178,靖帝,True
4486,武帝,True
4485,文帝,True
4479,廢帝,True
4487,孝宣帝,True
311,道武帝,True
312,明元帝,True
4051,太武帝,True
315,文成帝,True
316,獻文帝,True
3819,孝文帝,True
3821,宣武帝,True
3825,孝明帝,True
3740,孝莊帝,True
3741,節閔帝,True
318,出帝,True
318,孝武帝,True
7809,孝靜帝,True
3820,文帝,True
3744,廢帝,True
320,恭帝,True
4519,文宣帝,True
3742,廢帝,True
4521,孝昭帝,True
4520,武成帝,True
3682,孝閔帝,True
3914,明帝,True
3918,武帝,True
3917,孝宣帝,True
321,靜帝,True
4171,文帝,True
4173,煬帝,True
3746,恭帝,True
15283,神武聖文帝,True
15257,景帝,True
15258,高帝,True
15259,睿帝,True
15243,神武元聖孝帝,True
15273,天皇大帝帝,True
15245,光聖神閔孝帝,True
15246,聖德和武欽孝帝,True
15249,聖文章武明德帝,True
15285,武成英烈昭肅帝,True
15260,光文肅武孝高帝,True
15261,明道崇德文宣帝,True
15296,大聖大明神烈帝,True
15297,孝武惠文帝,True
15298,孝和莊憲帝,True
15299,孝安敬正帝,True
15300,孝成康靖帝,True
15301,文武大聖廣孝帝,True
15302,神聖孝章帝,True
15303,仁聖大孝帝,True
15251,睿文聖武昭肅帝,True
15253,聖神恭肅文武帝,True
15254,睿武孝文帝,True
15292,神武帝,True
15293,孝和帝,True
15305,啓運立極英武帝,True
15306,至仁應道神功帝,True
15308,體天法道極功帝,True
15309,體乾應曆隆功帝,True
15310,紹天法古運德帝,True
15311,憲天敦化寧文帝,True
15312,體神合道開德帝,True
15314,受命中興全功帝,True
15315,紹統同道冠德帝,True
15316,循道憲仁明功帝,True
15317,法天備道純德帝,True
15318,建道備德大功帝,True
15319,端文明武景孝帝,True
15323,武烈帝,True
15324,昭英帝,True
15325,康靖帝,True
15326,聖文帝,True
15327,聖宗帝,True
15328,昭簡帝,True
15330,英文帝,True
15333,武元帝,True
15334,文烈帝,True
15335,德宗帝,True
15337,仁帝,True
15338,憲帝,True
15340,哀帝,True
15343,聖德神功文武帝,True
15345,仁惠宣孝帝,True
15346,聖文欽孝帝,True
15347,睿聖文孝帝,True
15350,翼獻莊和帝,True
15351,光聖仁孝帝,True
15354,開天行道肇紀帝,True
15356,啓天弘道高明帝,True
15357,敬天體道純誠帝,True
15358,憲天崇道英明帝,True
15360,恭仁康定景帝,True
15359,法天立道仁明帝,True
15361,繼天凝道顯中帝,True
15362,達天明道純誠帝,True
15363,承天達道英肅帝,True
15364,欽天履道英毅帝,True
15365,契天隆道淵懿帝,True
15366,範天合道哲肅帝,True
15367,崇天契道英睿帝,True
15368,達天闡道敦孝帝,True
15369,紹天繹道剛明帝,True
15370,承天廣運聖德帝,True
15371,應天興國弘德帝,True
15372,體天隆運定統帝,True
15373,合天弘運文武帝,True
15374,敬天昌運建中帝,True
15375,法天隆運至誠帝,True
15376,受天興運敷化帝,True
15377,效天符運立中帝,True
15378,協天翊運執中帝,True
15379,繼天開運受中帝,True
15380,同天崇運大中帝,True
15307,應符稽古成功帝,True
15344,欽明廣孝帝,True
16641,末帝,True
16640,懿太子,True
3630,惠帝,True
3631,文帝,True
3632,景帝,True
3839,武帝,True
3633,昭帝,True
3634,宣帝,True
3708,元帝,True
3723,成帝,True
3724,哀帝,True
3725,平帝,True
3854,明帝,True
3644,章帝,True
3645,和帝,True
3646,安帝,True
3647,順帝,True
3652,沖帝,True
3653,質帝,True
3654,桓帝,True
3837,靈帝,True
3656,獻帝,True
4356,文帝,True
4358,元帝,True
316,獻帝,True
3740,莊帝,True
3682,閔帝,True
3917,宣帝,True
9616,皇太妃子氏,True
5350,文皇王,True
5570,武皇王,True
9636,成皇王,True
9637,康皇王,True
9638,昭皇王,True
5122,穆皇王,True
9639,共皇王,True
9640,懿皇王,True
9641,孝皇王,True
9642,夷皇王,True
9643,厲皇王,True
9645,宣皇王,True
9646,幽皇王,True
9647,平皇王,True
9648,桓皇王,True
9649,莊皇王,True
9650,釐皇王,True
9651,惠皇王,True
9652,襄皇王,True
9653,頃皇王,True
9654,匡皇王,True
9655,定皇王,True
9656,簡皇王,True
9657,靈皇王,True
9658,景皇王,True
9659,悼皇王,True
9660,敬皇王,True
9661,元皇王,True
9662,貞定皇王,True
9663,哀皇王,True
9664,思皇王,True
9665,考皇王,True
9666,威烈皇王,True
9667,安皇王,True
9668,烈皇王,True
9669,顯皇王,True
9670,慎靚皇王,True
9671,赧皇王,True
9672,文皇公,True
9744,威皇王,True
9745,宣皇王,True
9746,愍皇王,True
9747,襄皇王,True
9748,廢皇王,True
9821,惠文皇王,True
9822,武皇王,True
9823,昭襄皇王,True
9824,孝文皇王,True
9825,莊襄皇王,True
9845,武皇王,True
9846,文皇王,True
9847,莊皇王,True
9848,成皇王,True
9849,穆皇王,True
9850,莊皇王,True
9851,共皇王,True
9852,康皇王,True
9854,靈皇王,True
9856,平皇王,True
9857,昭皇王,True
9858,惠皇王,True
9859,簡皇王,True
9860,聲皇王,True
9861,悼皇王,True
9862,肅皇王,True
9863,宣皇王,True
9864,威皇王,True
1890,懷皇王,True
1891,頃襄皇王,True
1892,考烈皇王,True
1893,幽皇王,True
1894,哀皇王,True
5084,隠皇王,True
9865,假皇王,True
9866,義皇帝,True
9901,康皇王,True
9946,嗣皇君,True
9947,懷皇君,True
9948,元皇君,True
9949,廢皇君,True
10008,易皇王,True
10010,昭皇王,True
10011,恵皇王,True
10012,武成皇王,True
10013,孝皇王,True
10014,王皇王,True
10149,襄皇王,True
10150,釐皇王,True
10151,桓惠皇王,True
10152,廢皇王,True
10167,惠成皇王,True
10167,惠皇王,True
10167,君皇王,True
10168,襄皇王,True
10169,哀皇王,True
10170,昭皇王,True
10171,安釐皇王,True
10172,景湣皇王,True
10179,武靈皇王,True
10180,惠文皇王,True
10181,孝成皇王,True
10182,悼襄皇王,True
10183,幽繆皇王,True
10184,代皇王,True
3629,高皇帝,True
3630,孝惠皇帝,True
2933,少皇帝,True
2946,少皇帝,True
3631,孝文皇帝,True
3632,孝景皇帝,True
3839,孝武皇帝,True
3633,孝昭皇帝,True
3634,孝宣皇帝,True
3708,孝元皇帝,True
3723,孝成皇帝,True
3724,孝哀皇帝,True
3725,孝平皇帝,True
3643,光武皇帝,True
3854,孝明皇帝,True
3644,孝章皇帝,True
3645,孝和皇帝,True
2999,殤皇帝,True
3646,孝安皇帝,True
3728,少皇帝,True
3647,孝順皇帝,True
3652,孝沖皇帝,True
3653,孝質皇帝,True
3654,孝桓皇帝,True
3837,孝靈皇帝,True
3655,少皇帝,True
3656,孝獻皇帝,True
4113,文皇帝,True
263,明皇帝,True
3659,元皇帝,True
3710,昭烈皇帝,True
3729,孝懷皇帝,True
3907,大皇皇帝,True
3730,少皇帝,True
3730,廢皇帝,True
3731,景皇帝,True
3910,末皇皇帝,True
3641,武皇帝,True
3877,惠皇帝,True
3662,懷皇帝,True
3663,愍皇帝,True
3873,元皇帝,True
3874,明皇帝,True
3876,成皇帝,True
3664,康皇帝,True
3875,穆皇帝,True
3866,哀皇帝,True
3665,廢皇帝,True
3871,簡文皇帝,True
3872,武皇帝,True
3872,孝武皇帝,True
3666,安皇帝,True
3667,恭皇帝,True
264,光文皇帝,True
266,昭武皇帝,True
267,隱皇帝,True
3009,武皇帝,True
3040,昭文皇帝,True
3078,歸義皇侯,True
7617,明皇皇帝,True
4302,武皇皇帝,True
3968,成皇王,True
3636,文皇王,True
272,桓皇王,True
3637,威皇王,True
274,沖皇王,True
3635,文明皇帝,True
3998,景昭皇帝,True
4001,幽皇帝,True
7866,景明皇帝,True
3678,厲皇王,True
4326,宣昭皇帝,True
3679,哀平皇帝,True
3680,高皇帝,True
293,後皇主,True
3703,成武皇帝,True
3672,惠愍皇帝,True
3673,昭武皇帝,True
288,昭文皇帝,True
4362,武昭皇帝,True
3901,文桓皇帝,True
3900,後皇主,True
297,宣烈皇王,True
298,武元皇王,True
299,文昭皇王,True
4359,懿武皇皇帝,True
276,隱皇王,True
3886,靈皇皇帝,True
277,後皇主,True
280,景皇王,True
7342,武宣皇王,True
283,哀皇王,True
289,末皇主,True
3671,後皇主,True
286,冠軍皇侯,True
4407,武烈皇皇帝,True
302,廢皇主,True
303,後皇主,True
290,惠懿皇帝,True
291,文成皇帝,True
292,昭成皇帝,True
4002,威皇皇帝,True
3198,武皇王,True
3237,惠文皇王,True
3249,孝昭皇王,True
3856,武皇帝,True
3732,少皇帝,True
3853,文皇帝,True
3860,孝武皇帝,True
3833,前廢皇帝,True
3838,明皇帝,True
3733,後廢皇帝,True
3734,順皇帝,True
7605,高皇帝,True
4361,武皇帝,True
3695,明皇帝,True
3697,和皇帝,True
3861,武皇帝,True
4356,簡文皇帝,True
4358,孝元皇帝,True
3737,敬皇帝,True
7153,宣皇帝,True
7175,孝明皇帝,True
7175,明皇帝,True
7178,孝靖皇帝,True
7178,靖皇帝,True
4486,武皇帝,True
4485,文皇帝,True
4479,廢皇帝,True
4487,孝宣皇帝,True
311,道武皇帝,True
312,明元皇帝,True
4051,太武皇帝,True
315,文成皇帝,True
316,獻文皇帝,True
3819,孝文皇帝,True
3821,宣武皇帝,True
3825,孝明皇帝,True
3740,孝莊皇帝,True
3739,長廣皇王,True
3741,節閔皇帝,True
318,出皇帝,True
318,孝武皇帝,True
7809,孝靜皇帝,True
3820,文皇帝,True
3744,廢皇帝,True
320,恭皇帝,True
4519,文宣皇帝,True
3742,廢皇帝,True
4521,孝昭皇帝,True
4520,武成皇帝,True
3682,孝閔皇帝,True
3914,明皇帝,True
3918,武皇帝,True
3917,孝宣皇帝,True
321,靜皇帝,True
4171,文皇帝,True
4173,煬皇帝,True
3746,恭皇帝,True
10187,聖神皇皇帝,True
10186,唐殤皇皇帝,True
15283,神武聖文皇帝,True
15256,武忠景皇王,True
15257,景皇帝,True
15258,高皇帝,True
15259,睿皇帝,True
15263,武肅皇王,True
15264,文穆皇王,True
15265,忠獻皇王,True
15382,忠獻皇王,True
15243,神武元聖孝皇帝,True
15277,武穆皇王,True
15279,恭孝皇王,True
15273,天皇大帝皇帝,True
15245,光聖神閔孝皇帝,True
15246,聖德和武欽孝皇帝,True
15249,聖文章武明德皇帝,True
15287,武信皇王,True
15288,文獻皇王,True
15285,武成英烈昭肅皇帝,True
15267,忠潔皇王,True
15260,光文肅武孝高皇帝,True
15261,明道崇德文宣皇帝,True
15296,大聖大明神烈皇帝,True
15297,孝武惠文皇帝,True
15298,孝和莊憲皇帝,True
15299,孝安敬正皇帝,True
15300,孝成康靖皇帝,True
15301,文武大聖廣孝皇帝,True
15302,神聖孝章皇帝,True
15303,仁聖大孝皇帝,True
15251,睿文聖武昭肅皇帝,True
15253,聖神恭肅文武皇帝,True
15254,睿武孝文皇帝,True
15292,神武皇帝,True
15293,孝和皇帝,True
15305,啓運立極英武皇帝,True
15306,至仁應道神功皇帝,True
15308,體天法道極功皇帝,True
15309,體乾應曆隆功皇帝,True
15310,紹天法古運德皇帝,True
15311,憲天敦化寧文皇帝,True
15312,體神合道開德皇帝,True
15314,受命中興全功皇帝,True
15315,紹統同道冠德皇帝,True
15316,循道憲仁明功皇帝,True
15317,法天備道純德皇帝,True
15318,建道備德大功皇帝,True
15319,端文明武景孝皇帝,True
15323,武烈皇帝,True
15324,昭英皇帝,True
15325,康靖皇帝,True
15326,聖文皇帝,True
15327,聖宗皇帝,True
15328,昭簡皇帝,True
15330,英文皇帝,True
15333,武元皇帝,True
15334,文烈皇帝,True
15335,德宗皇帝,True
15337,仁皇帝,True
15338,憲皇帝,True
15340,哀皇帝,True
15343,聖德神功文武皇帝,True
15345,仁惠宣孝皇帝,True
15346,聖文欽孝皇帝,True
15347,睿聖文孝皇帝,True
15350,翼獻莊和皇帝,True
15351,光聖仁孝皇帝,True
15354,開天行道肇紀皇帝,True
15356,啓天弘道高明皇帝,True
15357,敬天體道純誠皇帝,True
15358,憲天崇道英明皇帝,True
15360,恭仁康定景皇帝,True
15359,法天立道仁明皇帝,True
15361,繼天凝道顯中皇帝,True
15362,達天明道純誠皇帝,True
15363,承天達道英肅皇帝,True
15364,欽天履道英毅皇帝,True
15365,契天隆道淵懿皇帝,True
15366,範天合道哲肅皇帝,True
15367,崇天契道英睿皇帝,True
15368,達天闡道敦孝皇帝,True
15369,紹天繹道剛明皇帝,True
15370,承天廣運聖德皇帝,True
15371,應天興國弘德皇帝,True
15372,體天隆運定統皇帝,True
15373,合天弘運文武皇帝,True
15374,敬天昌運建中皇帝,True
15375,法天隆運至誠皇帝,True
15376,受天興運敷化皇帝,True
15377,效天符運立中皇帝,True
15378,協天翊運執中皇帝,True
15379,繼天開運受中皇帝,True
15380,同天崇運大中皇帝,True
16334,孝徳皇天皇,True
16338,天武皇天皇,True
16340,文武皇天皇,True
16341,元明皇天皇,True
16342,元正皇天皇,True
16343,聖武皇天皇,True
16344,孝謙皇天皇,True
16346,光仁皇天皇,True
16347,桓武皇天皇,True
16348,平城皇天皇,True
16349,嵯峨皇天皇,True
16350,淳和皇天皇,True
16351,仁明皇天皇,True
16352,文徳皇天皇,True
16353,清和皇天皇,True
16354,陽成皇天皇,True
16355,光孝皇天皇,True
16356,宇多皇天皇,True
16357,醍醐皇天皇,True
16358,朱雀皇天皇,True
16359,村上皇天皇,True
16360,冷泉皇天皇,True
16361,円融皇天皇,True
16362,花山皇天皇,True
16363,一条皇天皇,True
16364,三条皇天皇,True
16365,後一条皇天皇,True
16366,後朱雀皇天皇,True
16367,後冷泉皇天皇,True
16368,後三条皇天皇,True
16369,白河皇天皇,True
16370,堀河皇天皇,True
16371,鳥羽皇天皇,True
16372,崇徳皇天皇,True
16373,近衛皇天皇,True
16374,後白河皇天皇,True
16375,二条皇天皇,True
16376,六条皇天皇,True
16377,高倉皇天皇,True
16378,安徳皇天皇,True
16379,後鳥羽皇天皇,True
16380,土御門皇天皇,True
16381,順徳皇天皇,True
16383,後堀河皇天皇,True
16384,四条皇天皇,True
16385,後嵯峨皇天皇,True
16386,後深草皇天皇,True
16387,亀山皇天皇,True
16388,後宇多皇天皇,True
16389,伏見皇天皇,True
16390,後伏見皇天皇,True
16391,後二条皇天皇,True
16392,花園皇天皇,True
16393,後醍醐皇天皇,True
16394,後村上皇天皇,True
16395,長慶皇天皇,True
16396,後亀山皇天皇,True
16397,光厳皇天皇,True
16398,光明皇天皇,True
16399,崇光皇天皇,True
16400,後光厳皇天皇,True
16401,後円融皇天皇,True
16402,後小松皇天皇,True
16403,称光皇天皇,True
16404,後花園皇天皇,True
16405,後土御門皇天皇,True
16406,後柏原皇天皇,True
16407,後奈良皇天皇,True
16408,正親町皇天皇,True
16409,後陽成皇天皇,True
16410,後水尾皇天皇,True
16412,後光明皇天皇,True
16413,後西皇天皇,True
16414,霊元皇天皇,True
16416,中御門皇天皇,True
16417,桜町皇天皇,True
16418,桃園皇天皇,True
16419,後桜町皇天皇,True
16420,後桃園皇天皇,True
16421,光格皇天皇,True
16422,仁孝皇天皇,True
16423,孝明皇天皇,True
16424,明治皇天皇,True
16425,大正皇天皇,True
16426,昭和皇天皇,True
16510,法興皇王,True
16511,眞興皇王,True
16512,眞智皇王,True
16513,眞平皇王,True
16514,善德皇王,True
16515,眞德皇王,True
16516,武烈皇王,True
16517,文武皇王,True
16518,神文皇王,True
16519,孝昭皇王,True
16520,聖德皇王,True
16521,孝成皇王,True
16522,景德皇王,True
16523,惠恭皇王,True
16524,宣德皇王,True
16525,元聖皇王,True
16526,昭聖皇王,True
16527,哀莊皇王,True
16528,憲德皇王,True
16529,興德皇王,True
16530,僖康皇王,True
16531,閔哀皇王,True
16532,神武皇王,True
16533,文聖皇王,True
16534,憲安皇王,True
16535,景文皇王,True
16536,憲康皇王,True
16537,定康皇王,True
16538,眞聖皇王,True
16539,孝恭皇王,True
16540,神德皇王,True
16541,景明皇王,True
16542,景哀皇王,True
16543,敬順皇王,True
16594,忠烈皇王,True
16595,忠宣皇王,True
16596,忠肅皇王,True
16597,忠惠皇王,True
16598,忠穆皇王,True
16599,忠定皇王,True
16600,恭愍皇王,True
16601,前廢皇王,True
16602,後廢皇王,True
16603,恭讓皇王,True
16618,燕山皇君,True
16623,光海皇君,True
15307,應符稽古成功皇帝,True
16648,感天皇后,True
16650,承天皇后,True
16651,末皇主,True
15344,欽明廣孝皇帝,True
16646,後皇主,True
16641,末皇帝,True
16640,懿皇太子,True
15266,忠懿皇王,True
271,冉閔,
304,慕容泓,
306,段隨,
307,慕容顗,
308,慕容瑤,
309,慕容忠,
310,慕容永,
3015,李班,
3025,李期,
3706,呂后,
3726,劉嬰,
3727,王莽,
3743,高恆,
4482,陳叔寶,
4525,高緯,
15247,後唐閔帝李從厚,
15248,後唐末帝李從珂,
15250,後晉出帝石重貴,
15252,後漢隱帝劉承祐,
15262,南唐後主李煜,
15272,閩殷帝王延政,
15276,南漢後主劉鋹,
15278,楚廢王馬希聲,
15280,楚王馬希廣,
15281,楚王馬希萼,
15284,前蜀後主王衍,
15286,後蜀後主孟昶,
15289,荊南高保融,
15290,荊南高保勗,
15294,北漢少主劉繼恩,
15295,北漢英武帝劉繼元,
15304,遼天祚帝耶律延禧,
15313,宋欽宗趙桓,
15320,宋恭帝趙㬎,
15321,宋端宗趙昰,
15322,宋帝昺趙昺,
15329,夏襄宗李安全,
15331,夏獻宗李德旺,
15332,夏末帝李睍,
15336,金海陵王完顏亮,
15339,金衛紹王完顏永濟,
15349,元天順帝阿速吉八,
15353,元順帝妥懽帖睦爾,
15381,清宣統帝溥儀,
16561,後高句麗王,
16562,後百濟王甄萱,
16563,後百濟王甄神劍,
16652,高繼沖,
1878,始皇嬴政,
1878,始皇,
1878,嬴政,
1879,二世嬴胡亥,
1879,二世,
1879,嬴胡亥,
1880,嬴子嬰,
3674,石世,
3675,石遵,
3106,楊茂搜,
3111,楊難敵,
3115,楊毅,
3117,楊初,
3126,楊國,
3128,楊俊,
3137,楊世,
3143,楊篡,
3753,乞伏暮末,
284,沮渠無諱,
4205,沮渠安周,
3262,楊保宗,
4891,楊難當,
3270,楊保熾,
3280,楊文德,
3311,楊元和,
3312,楊僧嗣,
3086,譙縱,
3738,元釗,
3339,楊文度,
3340,楊文弘,
3370,楊後起,
3372,楊紹先,
3373,楊智慧,
3374,楊辟邪,
3375,楊廣香,
3376,楊炯,
3377,楊崇祖,
3378,楊孟孫,
10185,楊定,
15242,麹乾固,
15244,末帝,
15244,後主,
15244,朱瑱,
15255,恭帝,
15255,柴宗訓,
15342,後主,
15342,末帝,
15342,完顏承麟,
16327,欽明天皇,
16328,敏達天皇,
16329,用明天皇,
16330,崇峻天皇,
16331,推古天皇,
16332,舒明天皇,
16333,皇極天皇,
16335,斉明天皇,
16336,天智天皇,
16337,弘文天皇,
16339,持統天皇,
16345,淳仁天皇,
16382,仲恭天皇,
16411,明正天皇,
16415,東山天皇,
16327,欽明,True
16328,敏達,True
16329,用明,True
16330,崇峻,True
16331,推古,True
16332,舒明,True
16333,皇極,True
16335,斉明,True
16336,天智,True
16337,弘文,True
16339,持統,True
16345,淳仁,True
16382,仲恭,True
16411,明正,True
16415,東山,True
